,acc_train,rps_train,acc_test,rps_test
0,0.263175,0.2639237396478653,0.2605560647814856,0.26180568417022615
