,acc_train,rps_train,acc_test,rps_test
0,0.324425,0.2862542092561722,0.32331194623216664,0.2840538351380275
