,acc_train,rps_train,acc_test,rps_test
0,0.37485,0.23862487394809723,0.37115795905987786,0.23677342233583537
