,acc_train,rps_train,acc_test,rps_test
0,0.402575,0.251078177523613,0.3956003666579669,0.2499657021397813
