,acc_train,rps_train,acc_test,rps_test
0,0.281525,0.2616916433930397,0.2816987473357172,0.2593321429637824
