,acc_train,rps_train,acc_test,rps_test
0,0.362075,0.2742784439921379,0.36199205622664293,0.27264405217077475
