,acc_train,rps_train,acc_test,rps_test
0,0.3419,0.2399606122493744,0.3509929728087321,0.2365619751161805
