,acc_train,rps_train,acc_test,rps_test
0,0.2913,0.3492076679587364,0.28475404827557604,0.3482124869607837
