,acc_train,rps_train,acc_test,rps_test
0,0.403475,0.23302560155391694,0.4073327222740545,0.2298431780463579
