,acc_train,rps_train,acc_test,rps_test
0,0.308925,0.2898975618481636,0.30626336694710704,0.28849159048997114
