,acc_train,rps_train,acc_test,rps_test
0,0.300275,0.2591864031672478,0.2953864955789191,0.2577202697157896
