,acc_train,rps_train,acc_test,rps_test
0,0.30865,0.2664369293451309,0.3107852123525213,0.2657098814977115
