,acc_train,rps_train,acc_test,rps_test
0,0.312575,0.2948194380521774,0.30736327528443647,0.29439926786121157
