,acc_train,rps_train,acc_test,rps_test
0,0.242675,0.29135090008974074,0.2469294225572265,0.289403753312691
