,acc_train,rps_train,acc_test,rps_test
0,0.438025,0.22736222875118256,0.43464711274242607,0.22583632502412346
