,acc_train,rps_train,acc_test,rps_test
0,0.3638,0.2679406772136688,0.36370302475249044,0.26501000762859905
