,acc_train,rps_train,acc_test,rps_test
0,0.48745,0.2215285595178604,0.4826764436515507,0.22106201132247835
