,acc_train,rps_train,acc_test,rps_test
0,0.3672,0.2471988263607025,0.37146348915914496,0.2458631550012799
