,acc_train,rps_train,acc_test,rps_test
0,0.316825,0.28860300189256666,0.3146348915459219,0.2876969367766504
