,acc_train,rps_train,acc_test,rps_test
0,0.300875,0.26703998544216156,0.3007027192223957,0.26451361382495653
