,acc_train,rps_train,acc_test,rps_test
0,0.269325,0.2802616935491562,0.26935533152200597,0.27859127276030443
