,acc_train,rps_train,acc_test,rps_test
0,0.416475,0.24110756903886796,0.41552092882059344,0.23993172358016956
