,acc_train,rps_train,acc_test,rps_test
0,0.29255,0.2500481511235237,0.29141460434763283,0.24936491589807713
