,acc_train,rps_train,acc_test,rps_test
0,0.333925,0.28465048978328705,0.3396272532890013,0.28021334136548554
