,acc_train,rps_train,acc_test,rps_test
0,0.248575,0.25298245531320573,0.25915062634579966,0.25040815084526163
