,acc_train,rps_train,acc_test,rps_test
0,0.4561,0.2836270068645477,0.4564008554851757,0.2786795047948093
