,acc_train,rps_train,acc_test,rps_test
0,0.3049,0.27754727691411973,0.29483654140479115,0.2783693015074606
