,acc_train,rps_train,acc_test,rps_test
0,0.38575,0.2607475215911865,0.38851206843965175,0.25716416030493927
