,acc_train,rps_train,acc_test,rps_test
0,0.371825,0.24134281861782075,0.3729911396281638,0.23879057857883185
