,acc_train,rps_train,acc_test,rps_test
0,0.310975,0.256582172870636,0.31750687442895215,0.25393884400781636
