,acc_train,rps_train,acc_test,rps_test
0,0.2963,0.29292548989057543,0.28964252979100535,0.29375037814257454
