,acc_train,rps_train,acc_test,rps_test
0,0.39105,0.23437699319124222,0.39468377635743396,0.23202079327653535
