,acc_train,rps_train,acc_test,rps_test
0,0.45545,0.26579208110570907,0.4552398411252613,0.261331625513589
