,acc_train,rps_train,acc_test,rps_test
0,0.276,0.26511226996183396,0.28512068438923327,0.263788562127111
