,acc_train,rps_train,acc_test,rps_test
0,0.319875,0.23680801169872284,0.3205010693607948,0.23693351168316365
