,acc_train,rps_train,acc_test,rps_test
0,0.363425,0.2723115902662277,0.36388634280704263,0.2683731215083195
