,acc_train,rps_train,acc_test,rps_test
0,0.436875,0.24890507547855378,0.43379162849725805,0.24682516132313798
