,acc_train,rps_train,acc_test,rps_test
0,0.348275,0.25402195098400115,0.353315001536756,0.25152446800257283
