,acc_train,rps_train,acc_test,rps_test
0,0.3143,0.2594338245868683,0.31384051329146967,0.25707291697020784
