,acc_train,rps_train,acc_test,rps_test
0,0.362625,0.23656368732452393,0.3677360220027196,0.2349166313615954
