,acc_train,rps_train,acc_test,rps_test
0,0.361275,0.2480317983865738,0.3579590589727716,0.24641204703447836
