,acc_train,rps_train,acc_test,rps_test
0,0.328225,0.2538810186982155,0.3332111213045531,0.2508726063067491
