,acc_train,rps_train,acc_test,rps_test
0,0.317875,0.26879174036979675,0.32691720134979574,0.2653367630411207
