,val_loss,val_acc,val_rps_loss,loss,acc,rps_loss
0,0.8386796186566353,0.610625,0.16003312569856643,0.9107428136020899,0.57475,0.17937089035660028
1,0.8209410633444786,0.6085,0.15471266044676305,0.8422863337695599,0.61015625,0.15997036322951316
2,0.8057286396622658,0.617875,0.15067300921678542,0.8326519926190377,0.6148125,0.15784298752248288
3,0.8034011252522468,0.631375,0.14991464614868164,0.8253525500446558,0.61640625,0.15605145196057857
4,0.801984956741333,0.6225,0.15026054733246566,0.8213068504929543,0.6198125,0.15500522490218283
5,0.8322138084173203,0.5965,0.15857443410903216,0.8193283064514398,0.61878125,0.1547054687216878
6,0.8137950159311295,0.6125,0.15357019374519587,0.8132366972416639,0.6235625,0.15306492584198714
7,0.8073064288496972,0.62875,0.15178392451256514,0.8124539580047131,0.62159375,0.15297080377675593
8,0.8210038857460022,0.614625,0.1555912072956562,0.8099640422910452,0.62378125,0.15246810081973672
