,val_loss,val_acc,val_rps_loss,loss,acc,rps_loss
0,0.8850141072273254,0.5999999990463257,0.17310511124134065,0.9351720046997071,0.5594999998940362,0.1864403465853797
1,0.9683048434257507,0.5694999990463256,0.19509068250656128,0.8529131271574232,0.6037777777247959,0.16294891103108725
2,0.8263848190307617,0.6067500004768371,0.15741677713394164,0.8292088975906372,0.6141666665607028,0.15674990701675415
3,0.8039347987174987,0.6292499990463257,0.150896790266037,0.8187847286860148,0.6187500000529819,0.15410233312182955
4,0.8067342262268067,0.6227500009536743,0.15236558079719542,0.8130188059277005,0.6225277778307596,0.1527718443075816
5,0.9592573547363281,0.5597499990463257,0.19470402312278748,0.8101965285936992,0.6238055554495917,0.15217264955573612
6,0.8170270500183106,0.6182499995231628,0.15477737545967102,0.8050352677239312,0.6245277778837416,0.1510622183084488
7,0.8663784861564636,0.5932499990463257,0.16559058248996736,0.8020984813902113,0.6274722221692404,0.1504202584028244
8,0.8240592241287231,0.6107499995231629,0.1571114112138748,0.801742921617296,0.6286666667196485,0.1502599364121755
