,val_loss,val_acc,val_rps_loss,loss,acc,rps_loss
0,0.8663881857395173,0.6125,0.1651440099775791,0.939899502158165,0.55828125,0.18741688546538354
1,0.7748847494125366,0.652375,0.1405268470942974,0.8024236725270748,0.63453125,0.14870278078317642
2,0.721844001531601,0.679625,0.12835531491041183,0.7558789671063423,0.65465625,0.13702022099494934
3,0.7527919458150863,0.670125,0.13551422995328904,0.7353418355584145,0.6659375,0.1325178829729557
4,0.7306673676967621,0.675625,0.13082894161343575,0.7258609569370746,0.6716875,0.13005182453989983
5,0.7294442255496979,0.656125,0.13106711795926093,0.7174830069243908,0.67440625,0.12847274751216173
6,0.7686461980342865,0.64475,0.1411630024909973,0.7125325879752636,0.6791875,0.12747241866216064
7,0.7623261029720306,0.653,0.13886127339303495,0.7083994372785092,0.6801875,0.12642019214853645
