,val_loss,val_acc,val_rps_loss,loss,acc,rps_loss
0,1.0444107170104981,0.47424999976158144,0.22366290962696075,1.0533160699208577,0.4709999999470181,0.22511119205421873
1,1.0356672773361206,0.48074999976158145,0.2216637428998947,1.0430550402535332,0.4805833333068424,0.22193102718724145
2,1.0366303300857544,0.4805000002384186,0.22138446593284608,1.0374823274082607,0.4857777778307597,0.22005556411213345
3,1.0578349533081055,0.4825,0.2281676893234253,1.0352344254387749,0.48983333338631524,0.21944522738456726
4,1.0414766263961792,0.48175000047683714,0.2231980277299881,1.0311274924808078,0.49141666677263046,0.21830500663651362
5,1.0486274700164795,0.48049999952316286,0.22591253471374512,1.0294012795024448,0.4911111112170749,0.21776037658585443
6,1.035134780883789,0.48399999952316286,0.22156878304481506,1.027652957280477,0.49236111111111114,0.21739318452941048
7,1.0356005992889403,0.48999999952316287,0.22149283027648925,1.0265836739010281,0.49375,0.2170265717903773
