,val_loss,val_acc,val_rps_loss,loss,acc,rps_loss
0,1.0345689945220948,0.487,0.2213133351802826,1.0714918746948243,0.47061111113760207,0.22327645548184713
1,1.0331678466796874,0.48499999952316286,0.22087517654895783,1.0558309031592474,0.48380555560853744,0.2203366242647171
2,1.0319938831329345,0.48600000047683717,0.22035756289958955,1.0512854815589057,0.48886111111111114,0.21901173689630296
3,1.037434447288513,0.48525000047683714,0.22260528874397278,1.0474923476113214,0.49063888878292505,0.2184127962456809
4,1.0381799278259278,0.48675000047683714,0.22227529990673064,1.0419692630767823,0.4946111111111111,0.21772792784372966
5,1.0408955783843994,0.483,0.22314902889728547,1.0389119061364067,0.49813888883590696,0.21695546062787374
6,1.0365042667388915,0.48725000047683714,0.22181813502311706,1.0354496523539225,0.49769444444444444,0.21650334252251519
7,1.0335617198944091,0.48799999952316286,0.22076568877696992,1.0291508693695068,0.4996666666401757,0.2153849254184299
