,acc_train,rps_train,acc_test,rps_test
0,0.467525,0.2245303149842915,0.4597616865261228,0.22440362018751647
