,acc_train,rps_train,acc_test,rps_test
0,0.530475,0.20066983625616652,0.5227619920562175,0.20196220471568355
