,acc_train,rps_train,acc_test,rps_test
0,0.531375,0.2000710116777623,0.526611671249618,0.20050617003133747
