,acc_train,rps_train,acc_test,rps_test
0,0.5392,0.19606234896982352,0.5357164680721052,0.19640529903801912
