,acc_train,rps_train,acc_test,rps_test
0,0.5433,0.19320378677219774,0.5396883593033914,0.1936074320241392
