,acc_train,rps_train,acc_test,rps_test
0,0.5499,0.1903596805430034,0.5442713107241063,0.1906359132598138
