,acc_train,rps_train,acc_test,rps_test
0,0.55205,0.188657947404544,0.5483043079743355,0.18931265506388964
