,acc_train,rps_train,acc_test,rps_test
0,0.556225,0.18677609694770722,0.5504430186373358,0.18798858308110963
