,acc_train,rps_train,acc_test,rps_test
0,0.562475,0.18284135075357516,0.5542926978307363,0.18526366260278848
