,acc_train,rps_train,acc_test,rps_test
0,0.5715,0.17846546936684268,0.5631530705774519,0.17998619801527424
