,acc_train,rps_train,acc_test,rps_test
0,0.57555,0.17689430878138027,0.5666972196761381,0.1787234720798556
