,acc_train,rps_train,acc_test,rps_test
0,0.579075,0.1752249644534359,0.5690803544149099,0.17738397762390373
