,acc_train,rps_train,acc_test,rps_test
0,0.58135,0.17446039201485078,0.5705468988695387,0.1757489686097687
