,acc_train,rps_train,acc_test,rps_test
0,0.5837,0.17280676708075926,0.5747632141765964,0.17406424302016557
