,acc_train,rps_train,acc_test,rps_test
0,0.58665,0.17124168868837297,0.5782462572563397,0.17249346650896413
