,acc_train,rps_train,acc_test,rps_test
0,0.590875,0.169138831556926,0.580446073938283,0.1709296552812812
