,acc_train,rps_train,acc_test,rps_test
0,0.5936,0.16761103680705108,0.583134738771769,0.16914280117671932
