,acc_train,rps_train,acc_test,rps_test
0,0.596875,0.1663091070932596,0.5869844179651695,0.16769741522027232
