,acc_train,rps_train,acc_test,rps_test
0,0.603,0.16392267492892307,0.5932783379162847,0.16621904736626059
