,acc_train,rps_train,acc_test,rps_test
0,0.6071,0.16125395801849898,0.5989611976779713,0.16251996579456865
