,acc_train,rps_train,acc_test,rps_test
0,0.61495,0.15780921454847363,0.6056828597616866,0.15917815829845047
