,acc_train,rps_train,acc_test,rps_test
0,0.6183,0.15634814649720596,0.6092881148793157,0.15758241165775788
