,acc_train,rps_train,acc_test,rps_test
0,0.621225,0.1546420621917395,0.6136266422242591,0.1560408436203605
