,acc_train,rps_train,acc_test,rps_test
0,0.6282,0.15203714926610457,0.6174763214176596,0.15426174149251812
