,acc_train,rps_train,acc_test,rps_test
0,0.632075,0.1499802740835104,0.625053467766575,0.1509172095525723
