,acc_train,rps_train,acc_test,rps_test
0,0.6386,0.14684634649265846,0.6315307057745188,0.14894807115442826
