,acc_train,rps_train,acc_test,rps_test
0,0.648025,0.14285326612145313,0.6428964252978918,0.14459521742508136
