,acc_train,rps_train,acc_test,rps_test
0,0.651625,0.1410603624149458,0.6481515429269783,0.14236315027298513
