,acc_train,rps_train,acc_test,rps_test
0,0.661925,0.1365575108302689,0.6575618698441796,0.13816195812067722
