,acc_train,rps_train,acc_test,rps_test
0,0.67565,0.1308185562985354,0.6709440879926672,0.1319399369446422
