,acc_train,rps_train,acc_test,rps_test
0,0.6836,0.1275611250307479,0.6836541399327833,0.12813585104318476
