,acc_train,rps_train,acc_test,rps_test
0,0.690625,0.12516651322948608,0.6889092575618698,0.1257730431116837
