,acc_train,rps_train,acc_test,rps_test
0,0.694975,0.12322223857658085,0.6954476015887565,0.12342858333139967
