,acc_train,rps_train,acc_test,rps_test
0,0.70955,0.11751711128807808,0.705224564619615,0.11940469597482627
