,acc_train,rps_train,acc_test,rps_test
0,0.502125,0.21259653049843463,0.4948365413993278,0.21244735412109475
