,acc_train,rps_train,acc_test,rps_test
0,0.711325,0.11675076395196397,0.711151848457073,0.11736814438859858
