,acc_train,rps_train,acc_test,rps_test
0,0.7181,0.11423720837906354,0.7175068744271311,0.11577941793803286
