,acc_train,rps_train,acc_test,rps_test
0,0.747825,0.10329642791575071,0.7465322334249923,0.10438729757781935
