,acc_train,rps_train,acc_test,rps_test
0,0.76165,0.09807577825580607,0.7586923311946226,0.10019001263110038
