,acc_train,rps_train,acc_test,rps_test
0,0.507325,0.2110647229479736,0.4999694469905286,0.21042644524151843
