,acc_train,rps_train,acc_test,rps_test
0,0.775125,0.09305981641277825,0.7723800794378246,0.0949952189758944
