,acc_train,rps_train,acc_test,rps_test
0,0.80635,0.08177143380448651,0.8029941949282005,0.08345297258745639
