,acc_train,rps_train,acc_test,rps_test
0,0.814975,0.07871326137549844,0.8107546593339444,0.08108559604674036
