,acc_train,rps_train,acc_test,rps_test
0,0.82275,0.07570161563551236,0.8188206538344027,0.07823283370440427
