,acc_train,rps_train,acc_test,rps_test
0,0.83,0.072753572065153,0.8278643446379469,0.07484111324984509
