,acc_train,rps_train,acc_test,rps_test
0,0.8639,0.05963695351535368,0.8641613198900092,0.0605537472769762
