,acc_train,rps_train,acc_test,rps_test
0,0.924375,0.034788754081763795,0.9265505652306752,0.03424617596940753
