,acc_train,rps_train,acc_test,rps_test
0,0.935225,0.0300288513650083,0.9392606171707913,0.028541199830480198
