,acc_train,rps_train,acc_test,rps_test
0,0.518175,0.20675308208291143,0.5097464100213871,0.20706134296060064
