,acc_train,rps_train,acc_test,rps_test
0,0.984225,0.007753037006075965,0.9864344637946838,0.006647882379094422
