,acc_train,rps_train,acc_test,rps_test
0,1.0,7.542629146918189e-10,1.0,7.597448277985466e-10
