,acc_train,rps_train,acc_test,rps_test
0,0.54168,0.19366621990847524,0.540319673116212,0.19342606098002532
