,acc_train,rps_train,acc_test,rps_test
0,0.56008,0.18479738169748677,0.563273644994592,0.1825863908185252
