,acc_train,rps_train,acc_test,rps_test
0,0.5678,0.18149281511912935,0.5706044946520851,0.17955738169010535
