,acc_train,rps_train,acc_test,rps_test
0,0.57308,0.1800384614294406,0.5719264511476986,0.1785177390273396
