,acc_train,rps_train,acc_test,rps_test
0,0.57428,0.1790594529324696,0.5754116091815887,0.17728790592205565
