,acc_train,rps_train,acc_test,rps_test
0,0.579,0.17759517438544653,0.5751712534551136,0.1767502882736878
