,acc_train,rps_train,acc_test,rps_test
0,0.58656,0.1737700518910501,0.582982814565557,0.17372089594312937
