,acc_train,rps_train,acc_test,rps_test
0,0.58856,0.17252800530100426,0.5850258382405961,0.1726311164819116
