,acc_train,rps_train,acc_test,rps_test
0,0.58876,0.17190716304980289,0.5865881504626848,0.17163745073953185
