,acc_train,rps_train,acc_test,rps_test
0,0.59384,0.16897307484442015,0.5935584665304651,0.16916901249659116
