,acc_train,rps_train,acc_test,rps_test
0,0.598,0.16756808480032284,0.5951207787525538,0.16810164136103345
