,acc_train,rps_train,acc_test,rps_test
0,0.60288,0.1650061520526722,0.6048551856747987,0.1637594850893097
