,acc_train,rps_train,acc_test,rps_test
0,0.54568,0.19213319475249152,0.5448864319192405,0.19135462519523766
