,acc_train,rps_train,acc_test,rps_test
0,0.61072,0.16164108531212806,0.6060569643071746,0.16309148549625216
