,acc_train,rps_train,acc_test,rps_test
0,0.60888,0.16145003142825873,0.6135079918279053,0.16076130944467049
