,acc_train,rps_train,acc_test,rps_test
0,0.61756,0.15818356227785277,0.6137483475543805,0.15927782344501132
