,acc_train,rps_train,acc_test,rps_test
0,0.62868,0.15270897841368683,0.6305732484076433,0.152997240383611
