,acc_train,rps_train,acc_test,rps_test
0,0.63504,0.15017648386925136,0.6323759163562072,0.15083074951972733
