,acc_train,rps_train,acc_test,rps_test
0,0.63852,0.14812141357292755,0.636822497295998,0.14913071204385425
