,acc_train,rps_train,acc_test,rps_test
0,0.64604,0.14487967342459507,0.64271121259464,0.14613943517641775
