,acc_train,rps_train,acc_test,rps_test
0,0.65024,0.14196524383053033,0.651844730200697,0.14274692122936353
