,acc_train,rps_train,acc_test,rps_test
0,0.6582,0.13871299672538184,0.6565316668669631,0.14101950831876836
