,acc_train,rps_train,acc_test,rps_test
0,0.6586,0.13834251410686704,0.6595361134479029,0.13924839567310296
