,acc_train,rps_train,acc_test,rps_test
0,0.67152,0.13341421966049458,0.6660257180627328,0.13689940561759004
