,acc_train,rps_train,acc_test,rps_test
0,0.67184,0.13317437900767776,0.6690301646436726,0.13533348690651012
