,acc_train,rps_train,acc_test,rps_test
0,0.6748,0.1319484480519579,0.6734767455834635,0.1338625377750098
