,acc_train,rps_train,acc_test,rps_test
0,0.68504,0.12772568111041638,0.6799663501982934,0.13183937736081583
