,acc_train,rps_train,acc_test,rps_test
0,0.68296,0.128407120546332,0.6844129311380843,0.13012002443658233
