,acc_train,rps_train,acc_test,rps_test
0,0.6878,0.12639751358247434,0.6854945319072226,0.12926555632433054
