,acc_train,rps_train,acc_test,rps_test
0,0.69092,0.12493910855937577,0.6909025357529143,0.1274686740339261
