,acc_train,rps_train,acc_test,rps_test
0,0.69688,0.12272470179939199,0.6964307174618435,0.12495639920707019
