,acc_train,rps_train,acc_test,rps_test
0,0.70472,0.11886782973248983,0.7044826342987621,0.12131856129894766
