,acc_train,rps_train,acc_test,rps_test
0,0.72004,0.1136526817691768,0.7151784641269078,0.11643691046254732
