,acc_train,rps_train,acc_test,rps_test
0,0.72412,0.11163084184220584,0.7198654007931738,0.11450747419362153
