,acc_train,rps_train,acc_test,rps_test
0,0.73588,0.10759326653421857,0.7291190962624684,0.11058936750336082
