,acc_train,rps_train,acc_test,rps_test
0,0.76372,0.09580863403013223,0.7517125345511357,0.10255960774297578
