,acc_train,rps_train,acc_test,rps_test
0,0.76668,0.0958791397506477,0.7604855185674799,0.09923492532578061
