,acc_train,rps_train,acc_test,rps_test
0,0.55196,0.18852682652102842,0.5557024396106237,0.18691740320710062
