,acc_train,rps_train,acc_test,rps_test
0,0.77924,0.09142016121426934,0.771061170532388,0.09520202541733996
