,acc_train,rps_train,acc_test,rps_test
0,0.79408,0.0859640759580376,0.7839202018988103,0.08978020762570464
