,acc_train,rps_train,acc_test,rps_test
0,0.80288,0.08243088460810084,0.7895685614709771,0.08742941226682763
