,acc_train,rps_train,acc_test,rps_test
0,0.80988,0.08059224417393046,0.7983415454873213,0.08402672303635995
