,acc_train,rps_train,acc_test,rps_test
0,0.81724,0.07776971051510619,0.8055522172815768,0.0806755973534916
