,acc_train,rps_train,acc_test,rps_test
0,0.83116,0.07245230793223816,0.8246604975363538,0.07358850082877473
