,acc_train,rps_train,acc_test,rps_test
0,0.883,0.05232827104227104,0.8752553779593799,0.05474972697879521
