,acc_train,rps_train,acc_test,rps_test
0,0.89168,0.048449011571572435,0.8861915635140007,0.05045096387067227
