,acc_train,rps_train,acc_test,rps_test
0,0.91248,0.039679915161622135,0.9068621559908665,0.04232453006135797
