,acc_train,rps_train,acc_test,rps_test
0,0.92432,0.03484024967529254,0.9204422545367144,0.036756639816191296
