,acc_train,rps_train,acc_test,rps_test
0,0.9362,0.02956709568069447,0.9324600408604735,0.031604581871127135
