,acc_train,rps_train,acc_test,rps_test
0,0.94792,0.024495728751727487,0.9438769378680447,0.02634710927091978
