,acc_train,rps_train,acc_test,rps_test
0,0.55724,0.1869590904279592,0.5607499098666026,0.1844728121996531
