,acc_train,rps_train,acc_test,rps_test
0,0.98416,0.007692168140220149,0.98353563273645,0.008203680741945265
