,acc_train,rps_train,acc_test,rps_test
0,0.99436,0.0027678674698722932,0.994111284701358,0.0029824446039735976
