,acc_train,rps_train,acc_test,rps_test
0,1.0,2.404010177501558e-06,0.9986780435043865,0.0006616635037770468
