,acc_train,rps_train,acc_test,rps_test
0,0.517625,0.2122403456123203,0.5102963641918729,0.21232644375968648
