,acc_train,rps_train,acc_test,rps_test
0,0.515275,0.21086282008840398,0.5096853040024443,0.2111108858720285
