,acc_train,rps_train,acc_test,rps_test
0,0.51875,0.20968193131507934,0.5115795905896731,0.20971608110689108
