,acc_train,rps_train,acc_test,rps_test
0,0.5231,0.20661560223414668,0.5206232813932172,0.20604165931619367
