,acc_train,rps_train,acc_test,rps_test
0,0.525725,0.20297906431217902,0.5224564619615032,0.20218131600750605
