,acc_train,rps_train,acc_test,rps_test
0,0.5277,0.20189930193520705,0.5238007943782462,0.20118990333482775
