,acc_train,rps_train,acc_test,rps_test
0,0.53435,0.19898746237127882,0.5329055912007332,0.19910035216186417
