,acc_train,rps_train,acc_test,rps_test
0,0.535375,0.19765632767624924,0.5348609838069049,0.19751798766085524
