,acc_train,rps_train,acc_test,rps_test
0,0.5375,0.19592404488016837,0.5342499236174764,0.19704866406492028
