,acc_train,rps_train,acc_test,rps_test
0,0.54355,0.19167361406610695,0.5395661472655057,0.1924327762913964
