,acc_train,rps_train,acc_test,rps_test
0,0.546425,0.18916948897220376,0.5439046746104491,0.18991931467043702
