,acc_train,rps_train,acc_test,rps_test
0,0.552125,0.1876485860200529,0.5488542621448212,0.1883712809668138
