,acc_train,rps_train,acc_test,rps_test
0,0.478075,0.22383175629659105,0.4773602199816682,0.2215964958486803
