,acc_train,rps_train,acc_test,rps_test
0,0.561225,0.1830841958110829,0.5583256950809655,0.18388774920991058
