,acc_train,rps_train,acc_test,rps_test
0,0.5693,0.17985740444117232,0.5637030247479377,0.18022761915149924
