,acc_train,rps_train,acc_test,rps_test
0,0.57705,0.17638730636788086,0.5728078215704246,0.17654284684522237
