,acc_train,rps_train,acc_test,rps_test
0,0.5861,0.1717013085464537,0.5852123434158265,0.17115745718512146
