,acc_train,rps_train,acc_test,rps_test
0,0.589375,0.17000863133528415,0.5874121600977696,0.1696486667709927
