,acc_train,rps_train,acc_test,rps_test
0,0.592125,0.16861915824301335,0.5927894897647418,0.16834395660256576
