,acc_train,rps_train,acc_test,rps_test
0,0.596625,0.1666653856436752,0.5981057134127712,0.16607127895140056
