,acc_train,rps_train,acc_test,rps_test
0,0.6014,0.16533866142360107,0.6034219370608005,0.16448454977268628
