,acc_train,rps_train,acc_test,rps_test
0,0.618475,0.15832717484524617,0.6176596394744882,0.1585096824451073
