,acc_train,rps_train,acc_test,rps_test
0,0.631325,0.15364199795978845,0.6303085853956615,0.15408086109491823
