,acc_train,rps_train,acc_test,rps_test
0,0.636275,0.15170159786650347,0.6367247173846624,0.15222402151920145
