,acc_train,rps_train,acc_test,rps_test
0,0.489675,0.22071787846150104,0.4880537732966697,0.2186916027162925
