,acc_train,rps_train,acc_test,rps_test
0,0.643125,0.14953657861876204,0.6440574396578063,0.1494061735878744
