,acc_train,rps_train,acc_test,rps_test
0,0.6486,0.1474958382289146,0.650595783684693,0.14686146183874793
