,acc_train,rps_train,acc_test,rps_test
0,0.654625,0.1451724560331734,0.657378551787351,0.14480810617525042
