,acc_train,rps_train,acc_test,rps_test
0,0.6606,0.1430237108658358,0.663305835624809,0.14230518736663758
