,acc_train,rps_train,acc_test,rps_test
0,0.66655,0.14101985737962777,0.6688664833486099,0.14033822908326415
