,acc_train,rps_train,acc_test,rps_test
0,0.679275,0.13656009615124673,0.6830430797433548,0.1352018430579545
