,acc_train,rps_train,acc_test,rps_test
0,0.691475,0.1321995566333143,0.6950198594561564,0.1305636743490842
