,acc_train,rps_train,acc_test,rps_test
0,0.494575,0.21938077567033087,0.4955698136266422,0.21780472374605214
