,acc_train,rps_train,acc_test,rps_test
0,0.70385,0.12746433893261588,0.7079132294531011,0.12613366327776096
