,acc_train,rps_train,acc_test,rps_test
0,0.71095,0.12495274154516942,0.7133516651390162,0.12450704985926188
