,acc_train,rps_train,acc_test,rps_test
0,0.717125,0.12291856454168415,0.7193400549954171,0.12229151827396442
