,acc_train,rps_train,acc_test,rps_test
0,0.724925,0.12031951442312015,0.724839596700275,0.12068219534874787
