,acc_train,rps_train,acc_test,rps_test
0,0.738075,0.11570456949098794,0.738038496791934,0.11582822475368229
