,acc_train,rps_train,acc_test,rps_test
0,0.744525,0.11339357456959999,0.7460433852734495,0.11266109263472779
