,acc_train,rps_train,acc_test,rps_test
0,0.765975,0.10540705504403745,0.7648029330889092,0.10560774536983591
