,acc_train,rps_train,acc_test,rps_test
0,0.50125,0.21786802191974525,0.49874732661167126,0.21657787194701464
