,acc_train,rps_train,acc_test,rps_test
0,0.773025,0.10285482846628631,0.7723189734188818,0.10292212607449197
