,acc_train,rps_train,acc_test,rps_test
0,0.789275,0.09693976627314528,0.7867399938893981,0.09746965217331142
