,acc_train,rps_train,acc_test,rps_test
0,0.8058,0.09070153574898748,0.8029330889092575,0.09112197631038839
