,acc_train,rps_train,acc_test,rps_test
0,0.81465,0.08728407429316208,0.8106324472960587,0.08861820915753774
