,acc_train,rps_train,acc_test,rps_test
0,0.8635,0.06706974143886144,0.8639168958142377,0.06686435192034693
