,acc_train,rps_train,acc_test,rps_test
0,0.880925,0.059397896655129526,0.8831041857622975,0.05842231557150304
