,acc_train,rps_train,acc_test,rps_test
0,0.89055,0.0539984284216639,0.8941643751909563,0.05240241803434075
