,acc_train,rps_train,acc_test,rps_test
0,0.946775,0.026398194238027174,0.9516651390161931,0.02397713142835369
