,acc_train,rps_train,acc_test,rps_test
0,0.97115,0.014464430898387434,0.974946532233425,0.01245390783603278
