,acc_train,rps_train,acc_test,rps_test
0,0.993875,0.0030951472173685753,0.995417048579285,0.0022755945413476058
