,acc_train,rps_train,acc_test,rps_test
0,0.998975,0.0005129089643362923,0.999083409715857,0.00044487192643281697
