,acc_train,rps_train,acc_test,rps_test
0,1.0,9.632025341053154e-07,1.0,1.6258557839918245e-06
