,val_loss,val_acc,val_rps_loss,loss,acc,rps_loss
0,1.054166929244995,0.463875,0.22609721195697785,1.0706034491658212,0.4498125,0.23123293133080006
1,1.0552672111988068,0.4645,0.22657344365119933,1.059677577495575,0.45709375,0.22834256955981255
2,1.054845507144928,0.459375,0.22624537855386734,1.0557754710316658,0.46190625,0.22728908535838127
3,1.0531346592903137,0.4635,0.2258297364115715,1.0550049968957902,0.46015625,0.22715201804041862
4,1.0547077314853668,0.46475,0.226312755048275,1.0536074451208115,0.46353125,0.22679721148312093
5,1.0561144323348999,0.462875,0.2264151949286461,1.0537621252536773,0.46246875,0.2268073143064976
6,1.0545457592010499,0.46375,0.22616001844406128,1.053411774456501,0.46315625,0.2266803739964962
7,1.05319779920578,0.463875,0.22586987161636352,1.053962038755417,0.46265625,0.2268580283820629
8,1.054942135334015,0.466625,0.22591014355421066,1.0534171172380447,0.463375,0.22675922797620296
