,val_loss,val_acc,val_rps_loss,loss,acc,rps_loss
0,0.9963337256908417,0.519375,0.20573165929317475,1.0603229197859765,0.48253125,0.22127654173970224
1,0.9737452886104584,0.536125,0.19843324857950212,1.0025041661262513,0.5201875,0.20681303580105304
2,0.9642927460670471,0.542125,0.19564168399572374,0.9746804675459861,0.5375625,0.19896527656912805
3,0.9632160103321076,0.5415,0.19517760932445527,0.9628478816747665,0.54253125,0.19593399579823018
4,0.9637927651405335,0.538875,0.1958337301015854,0.9532962029576302,0.54653125,0.19308602817356588
5,0.9748657777309417,0.54,0.1988711250424385,0.9492095770835877,0.54909375,0.1919537615031004
6,0.9785397644042969,0.53425,0.19925709670782088,0.9450973791480064,0.5518125,0.19084132270514964
7,0.96944548869133,0.52625,0.19738348281383514,0.9428666276931763,0.552625,0.19022723872959613
8,0.9702253046035767,0.524625,0.1971842806339264,0.9397223675251007,0.553875,0.18942743268609047
