,val_loss,val_acc,val_rps_loss,loss,acc,rps_loss
0,0.8705923776626587,0.591375,0.168271317332983,0.9775018078684807,0.539125,0.1960346461981535
1,0.7941857566833496,0.637125,0.14699007773399353,0.839492353618145,0.61528125,0.15840291238576173
2,0.7871435477733612,0.648625,0.14453880947828293,0.7894548332989216,0.637125,0.14571572009846567
3,0.9330867416858674,0.5745,0.18481005716323853,0.774075372427702,0.6486875,0.1420790933817625
4,0.7953243218660354,0.64225,0.14725680541992187,0.7617854545414448,0.65321875,0.1392230798304081
5,0.8886758482456207,0.5925,0.17283271342515946,0.7562679711282253,0.656875,0.1382067806571722
6,0.7873707919120788,0.629875,0.1459852131009102,0.7469423595964909,0.66225,0.13580767153948545
7,0.8794599039554596,0.597125,0.1701884142756462,0.7416371384561062,0.664875,0.13476009916886686
