,val_loss,val_acc,val_rps_loss,loss,acc,rps_loss
0,1.0566832675933837,0.47375,0.2258063104748726,1.0480198479294778,0.47453125,0.2234144719839096
1,1.0407499043941497,0.478,0.22053260457515717,1.0395160882472991,0.4833125,0.22134808103740217
2,1.0404134919643402,0.477375,0.2206410939693451,1.0382770247459412,0.4845625,0.220968635648489
3,1.039091465473175,0.483625,0.2205430793762207,1.036050415456295,0.4851875,0.22036195543408393
4,1.0552853517532348,0.47225,0.2258066085577011,1.034482166171074,0.48796875,0.21994891226291657
5,1.047440868139267,0.47775,0.22314277946949004,1.0334797481298446,0.488375,0.21950837922096253
6,1.0445843529701233,0.4745,0.22227733188867568,1.0325208069682121,0.48871875,0.21930444814264774
