,val_loss,val_acc,val_rps_loss,loss,acc,rps_loss
0,0.7401487772464752,0.684375,0.1314666119813919,0.8497231642007828,0.61178125,0.16007937962561847
1,0.5285750997662544,0.778875,0.08482002717256545,0.614066450715065,0.7329375,0.10166846652701497
2,0.4620721310377121,0.832125,0.07032838699221611,0.515106072947383,0.79228125,0.0819451136291027
3,0.5417788262963295,0.747375,0.08988387478888035,0.4815735739171505,0.8074375,0.07603123144432902
4,0.5523468972444534,0.729875,0.09283781445026398,0.45709444607794286,0.82553125,0.07107508285716176
5,0.4560427104830742,0.833875,0.0706313004270196,0.4413379484266043,0.83653125,0.06785516373813152
6,0.4909518654346466,0.827875,0.0756073961853981,0.43684068641066554,0.8389375,0.06728074841573835
7,0.5743192806243896,0.746625,0.09273692484200001,0.4210884226411581,0.8465625,0.06404535622522235
