,acc_train,rps_train,acc_test,rps_test
0,0.54224,0.19426250967015748,0.5399591395264992,0.19382535131648362
