,acc_train,rps_train,acc_test,rps_test
0,0.54124,0.194334091153805,0.5410407402956375,0.19334467946743558
