,acc_train,rps_train,acc_test,rps_test
0,0.5618,0.18407773629621108,0.5619516884989785,0.1823222410790127
