,acc_train,rps_train,acc_test,rps_test
0,0.5662,0.182349906935849,0.5621920442254537,0.18132206720193708
