,acc_train,rps_train,acc_test,rps_test
0,0.57152,0.18074797315925895,0.5722869847374114,0.17762789448808014
