,acc_train,rps_train,acc_test,rps_test
0,0.57628,0.1783220896897343,0.5768537435404398,0.17633479874848482
