,acc_train,rps_train,acc_test,rps_test
0,0.57608,0.17813445607135914,0.5814205023434683,0.1752252399104816
