,acc_train,rps_train,acc_test,rps_test
0,0.57888,0.17591703531606978,0.5844249489244081,0.17415002313328054
