,acc_train,rps_train,acc_test,rps_test
0,0.58252,0.17425820094418276,0.5885109962744862,0.17196582102399485
