,acc_train,rps_train,acc_test,rps_test
0,0.59328,0.16897031282090597,0.5966830909746424,0.16837265995054032
