,acc_train,rps_train,acc_test,rps_test
0,0.60012,0.1660670824626774,0.6016103833673837,0.16509887323799124
