,acc_train,rps_train,acc_test,rps_test
0,0.60052,0.16548804107977805,0.6041341184953731,0.1641237796152764
