,acc_train,rps_train,acc_test,rps_test
0,0.54396,0.19267666313937667,0.5453671433721908,0.19143080217154682
