,acc_train,rps_train,acc_test,rps_test
0,0.60152,0.16478172410198155,0.6048551856747987,0.1633851232062064
