,acc_train,rps_train,acc_test,rps_test
0,0.60148,0.1642360638181153,0.6082201658454512,0.16202817832682792
