,acc_train,rps_train,acc_test,rps_test
0,0.60676,0.1615476589767263,0.6153106597764691,0.1595046585999114
