,acc_train,rps_train,acc_test,rps_test
0,0.6168,0.15889998360425223,0.6180747506309338,0.15850221711052587
