,acc_train,rps_train,acc_test,rps_test
0,0.61924,0.15707811734308197,0.6201177743059728,0.15666859346937323
