,acc_train,rps_train,acc_test,rps_test
0,0.6186,0.15654692615947094,0.6278091575531787,0.1534508726574645
