,acc_train,rps_train,acc_test,rps_test
0,0.62496,0.1543275133900368,0.6309337819973561,0.15197439051717743
