,acc_train,rps_train,acc_test,rps_test
0,0.63172,0.15036731181028812,0.6334575171253455,0.14958774224691354
