,acc_train,rps_train,acc_test,rps_test
0,0.63808,0.14783715690956123,0.638024275928374,0.14780000318940353
