,acc_train,rps_train,acc_test,rps_test
0,0.65064,0.1420577147680847,0.6511236630212714,0.14326099094519526
