,acc_train,rps_train,acc_test,rps_test
0,0.6494,0.1417775775879811,0.655089532508112,0.1414917798685909
