,acc_train,rps_train,acc_test,rps_test
0,0.65836,0.1380910111494706,0.6654248287465448,0.1372292000721513
