,acc_train,rps_train,acc_test,rps_test
0,0.55044,0.1894061439772509,0.5502944357649321,0.18931559468136006
