,acc_train,rps_train,acc_test,rps_test
0,0.66948,0.1335332759993493,0.67215478908785,0.1343122904865841
