,acc_train,rps_train,acc_test,rps_test
0,0.6766,0.1301513092201283,0.6785242158394423,0.13228167532129184
