,acc_train,rps_train,acc_test,rps_test
0,0.67796,0.12983866778870568,0.6814084845571445,0.13071726196897626
