,acc_train,rps_train,acc_test,rps_test
0,0.68592,0.12710051408486694,0.6830909746424708,0.129734462100594
