,acc_train,rps_train,acc_test,rps_test
0,0.68596,0.1269883201331074,0.6888595120778752,0.1280694355254148
