,acc_train,rps_train,acc_test,rps_test
0,0.6934,0.12452001599508283,0.6935464487441413,0.12552624662038747
