,acc_train,rps_train,acc_test,rps_test
0,0.69556,0.1237033091137201,0.6981132075471698,0.1238680380200692
