,acc_train,rps_train,acc_test,rps_test
0,0.70064,0.12136171943425508,0.7034010335296238,0.12188360736590148
