,acc_train,rps_train,acc_test,rps_test
0,0.7028,0.12044118111548721,0.7071265472899891,0.12030926868330001
