,acc_train,rps_train,acc_test,rps_test
0,0.7202,0.11437297763710914,0.7199855786564114,0.1148878859576309
