,acc_train,rps_train,acc_test,rps_test
0,0.725,0.11253303626518163,0.7235909145535392,0.11289838879275962
