,acc_train,rps_train,acc_test,rps_test
0,0.73948,0.10698281122008617,0.7350078115611104,0.1086992095494243
