,acc_train,rps_train,acc_test,rps_test
0,0.74308,0.10592526890218287,0.7405359932700396,0.10688492972743935
