,acc_train,rps_train,acc_test,rps_test
0,0.7514,0.10262581621135618,0.7461843528422064,0.10516846767178797
