,acc_train,rps_train,acc_test,rps_test
0,0.75856,0.10004317834517172,0.7529143131835117,0.1030425621533393
