,acc_train,rps_train,acc_test,rps_test
0,0.77032,0.09555954965211798,0.764571565917558,0.09817595259889747
