,acc_train,rps_train,acc_test,rps_test
0,0.55228,0.18857608423263394,0.5559427953370989,0.18692917452831673
