,acc_train,rps_train,acc_test,rps_test
0,0.77728,0.09329084377886056,0.7717822377118135,0.09568706134898661
