,acc_train,rps_train,acc_test,rps_test
0,0.7862,0.08966040832195744,0.7781516644634059,0.0928127044618811
