,acc_train,rps_train,acc_test,rps_test
0,0.79448,0.08667693552548848,0.7838000240355727,0.09016631275469034
