,acc_train,rps_train,acc_test,rps_test
0,0.80944,0.08135291838639652,0.7975003004446581,0.08425987523087042
