,acc_train,rps_train,acc_test,rps_test
0,0.82504,0.07527457119824582,0.8149260906141089,0.07788017228734745
