,acc_train,rps_train,acc_test,rps_test
0,0.83144,0.07227198664516526,0.8246604975363538,0.07396944757553668
