,acc_train,rps_train,acc_test,rps_test
0,0.84952,0.0657623696216619,0.8402836197572408,0.0680919552159383
