,acc_train,rps_train,acc_test,rps_test
0,0.85676,0.06313852544312018,0.8492969595000601,0.06488246631401497
