,acc_train,rps_train,acc_test,rps_test
0,0.88304,0.052412767775645054,0.8752553779593799,0.05487527167356472
