,acc_train,rps_train,acc_test,rps_test
0,0.89152,0.04898038669885967,0.8861915635140007,0.050580224640054336
