,acc_train,rps_train,acc_test,rps_test
0,0.90204,0.044271153585319016,0.8968873933421464,0.04627770840389419
