,acc_train,rps_train,acc_test,rps_test
0,0.92432,0.034811367669283895,0.9204422545367144,0.03677268774045658
