,acc_train,rps_train,acc_test,rps_test
0,0.94792,0.024562249114658617,0.9438769378680447,0.02635704785668583
