,acc_train,rps_train,acc_test,rps_test
0,0.98416,0.007761287985796181,0.98353563273645,0.00819055904805136
