,acc_train,rps_train,acc_test,rps_test
0,1.0,1.7593628409799388e-09,1.0,1.7745430197239555e-09
