,acc_train,rps_train,acc_test,rps_test
0,0.457575,0.22848588882238346,0.4576229758631225,0.22743674051000162
