,acc_train,rps_train,acc_test,rps_test
0,0.51825,0.2058610414667365,0.5112740604949587,0.2055332394215025
