,acc_train,rps_train,acc_test,rps_test
0,0.521825,0.20430720456612048,0.5135960892147876,0.2042521251189519
