,acc_train,rps_train,acc_test,rps_test
0,0.532025,0.19935195066058187,0.5280782157042468,0.19884798503032106
