,acc_train,rps_train,acc_test,rps_test
0,0.47225,0.22278563134334303,0.47137183012526734,0.2213025250988699
