,acc_train,rps_train,acc_test,rps_test
0,0.545625,0.19214886593544364,0.5422548120989917,0.19203162250064457
