,acc_train,rps_train,acc_test,rps_test
0,0.549325,0.1906883331538263,0.5443324167430492,0.19076408001073913
