,acc_train,rps_train,acc_test,rps_test
0,0.554625,0.18725533260144028,0.5483043079743355,0.18800107408162733
