,acc_train,rps_train,acc_test,rps_test
0,0.556925,0.18540512890752112,0.5504430186373358,0.18628937699034198
