,acc_train,rps_train,acc_test,rps_test
0,0.5603,0.1838802583423761,0.5556981362664223,0.1843748435496631
