,acc_train,rps_train,acc_test,rps_test
0,0.566275,0.1805854324413211,0.5604644057439658,0.18159821559728845
