,acc_train,rps_train,acc_test,rps_test
0,0.572725,0.17788101677843302,0.5665139016193095,0.17846319450743006
