,acc_train,rps_train,acc_test,rps_test
0,0.478025,0.2209226966005238,0.47888787045523984,0.21902863253492827
