,acc_train,rps_train,acc_test,rps_test
0,0.577475,0.17479157983745983,0.5717079132294531,0.17544853629782003
