,acc_train,rps_train,acc_test,rps_test
0,0.5824,0.17266122713247986,0.5750687442713107,0.17379915096665072
