,acc_train,rps_train,acc_test,rps_test
0,0.584125,0.1715509110110423,0.5798961197677971,0.172017913723417
