,acc_train,rps_train,acc_test,rps_test
0,0.5881,0.16970524829012185,0.5800183318056829,0.17040027485223475
