,acc_train,rps_train,acc_test,rps_test
0,0.602425,0.1625599150784814,0.5946226703330278,0.1633009833322192
