,acc_train,rps_train,acc_test,rps_test
0,0.481925,0.21872631703145556,0.4836541399327834,0.21671761417626112
