,acc_train,rps_train,acc_test,rps_test
0,0.610575,0.15783017233744404,0.6070271921784296,0.15832676119720518
