,acc_train,rps_train,acc_test,rps_test
0,0.619525,0.1545508758824182,0.6149709746410021,0.15473881877927156
