,acc_train,rps_train,acc_test,rps_test
0,0.623225,0.15273594096872142,0.6189428658722884,0.15337067828444453
