,acc_train,rps_train,acc_test,rps_test
0,0.6288,0.1501930815410112,0.6243813015582035,0.15114118066372212
