,acc_train,rps_train,acc_test,rps_test
0,0.6394,0.14600128570887816,0.6363580812710052,0.14674014026627383
