,acc_train,rps_train,acc_test,rps_test
0,0.654275,0.13967590056341492,0.6522456461961503,0.13999408348154385
