,acc_train,rps_train,acc_test,rps_test
0,0.669925,0.13368112738535962,0.6667888787045524,0.1335945690482619
