,acc_train,rps_train,acc_test,rps_test
0,0.674425,0.13192890736188384,0.6719217842957531,0.13162961319152983
