,acc_train,rps_train,acc_test,rps_test
0,0.679625,0.12976974494229218,0.6772380079437824,0.12955589212064333
