,acc_train,rps_train,acc_test,rps_test
0,0.686025,0.12756914730134553,0.6854262144821265,0.12714366708739014
