,acc_train,rps_train,acc_test,rps_test
0,0.6956,0.12337995153256831,0.6977696303085854,0.12292345037337274
