,acc_train,rps_train,acc_test,rps_test
0,0.494925,0.21473356359718337,0.49367552703941336,0.21340322704817866
