,acc_train,rps_train,acc_test,rps_test
0,0.70715,0.11892754908560828,0.7091964558509013,0.11856984351924103
