,acc_train,rps_train,acc_test,rps_test
0,0.738925,0.10757460889361126,0.7381607088298198,0.1083123364789041
