,acc_train,rps_train,acc_test,rps_test
0,0.75245,0.10266440844427345,0.751726245035136,0.10325976237490343
