,acc_train,rps_train,acc_test,rps_test
0,0.7818,0.09199476913992699,0.7792850595783685,0.09309424822811509
