,acc_train,rps_train,acc_test,rps_test
0,0.7978,0.08600826359234298,0.7953559425603421,0.08689764679173469
