,acc_train,rps_train,acc_test,rps_test
0,0.8061,0.08297004527093951,0.8028719828903147,0.08418045470573975
