,acc_train,rps_train,acc_test,rps_test
0,0.8149,0.0796585947407465,0.8105102352581729,0.08175037149396171
