,acc_train,rps_train,acc_test,rps_test
0,0.8227,0.07651671843012045,0.818698441796517,0.07878485102702862
