,acc_train,rps_train,acc_test,rps_test
0,0.8299,0.07358449340893064,0.827803238619004,0.07535701308974667
