,acc_train,rps_train,acc_test,rps_test
0,0.838775,0.07018212439822097,0.8366025053467766,0.07202259415724549
