,acc_train,rps_train,acc_test,rps_test
0,0.50445,0.21118420200408194,0.501558203483043,0.20994596909249486
