,acc_train,rps_train,acc_test,rps_test
0,0.85485,0.06387276673400283,0.8559731133516651,0.06421736701859862
