,acc_train,rps_train,acc_test,rps_test
0,0.863875,0.060219821946011186,0.8641002138710663,0.06084102780861365
