,acc_train,rps_train,acc_test,rps_test
0,0.88135,0.053165292717801765,0.8832875038191261,0.052904451906039755
