,acc_train,rps_train,acc_test,rps_test
0,0.912575,0.04003979983725622,0.9149404216315307,0.03938898576637986
