,acc_train,rps_train,acc_test,rps_test
0,0.946875,0.025094357752582723,0.9516040329972503,0.02310574458802915
