,acc_train,rps_train,acc_test,rps_test
0,0.51025,0.20923662806653173,0.5066911090742439,0.20852957155720617
