,acc_train,rps_train,acc_test,rps_test
0,0.9593,0.019439930393299637,0.962664222425909,0.017890502972068862
