,acc_train,rps_train,acc_test,rps_test
0,0.984225,0.007772598023936166,0.9864344637946838,0.006693338586897202
