,acc_train,rps_train,acc_test,rps_test
0,0.998975,0.0005078225212478324,0.999083409715857,0.0004512212214955794
