,acc_train,rps_train,acc_test,rps_test
0,1.0,6.942377313135357e-10,1.0,6.926901645113025e-10
