,acc_train,rps_train,acc_test,rps_test
0,0.48625,0.24289049810538155,0.4794989306446685,0.2425900133894515
