,acc_train,rps_train,acc_test,rps_test
0,0.492225,0.23898252779917775,0.48921478765658416,0.23814243087434864
