,acc_train,rps_train,acc_test,rps_test
0,0.4956,0.23559614688239913,0.49514207149404216,0.2344956155687482
