,acc_train,rps_train,acc_test,rps_test
0,0.511975,0.22941095435525186,0.5090742438130156,0.22903702111026145
