,acc_train,rps_train,acc_test,rps_test
0,0.51155,0.22732270685472963,0.5097464100213871,0.22657082446132504
