,acc_train,rps_train,acc_test,rps_test
0,0.49625,0.22217177864639476,0.49886953864955697,0.22102973762187628
