,acc_train,rps_train,acc_test,rps_test
0,0.535425,0.21489862612831812,0.5278948976474183,0.21632979929380278
