,acc_train,rps_train,acc_test,rps_test
0,0.536275,0.21185458082554792,0.5277115795905897,0.21334388815747
