,acc_train,rps_train,acc_test,rps_test
0,0.5547,0.21535965403164273,0.5469599755575925,0.21831874825578604
