,acc_train,rps_train,acc_test,rps_test
0,0.563725,0.22876290922839101,0.5552092881148794,0.23215731105585363
