,acc_train,rps_train,acc_test,rps_test
0,0.5642,0.20305229840668618,0.5619309501985945,0.2050425845600938
