,acc_train,rps_train,acc_test,rps_test
0,0.56095,0.20459248810357422,0.5540482737549649,0.20638042146281746
