,acc_train,rps_train,acc_test,rps_test
0,0.579125,0.197712246596534,0.574029941949282,0.19821136211924176
