,acc_train,rps_train,acc_test,rps_test
0,0.5728,0.19475059753052165,0.5711579590589673,0.19446197271552404
