,acc_train,rps_train,acc_test,rps_test
0,0.589825,0.18913231196558836,0.5872899480598839,0.1892047559118269
