,acc_train,rps_train,acc_test,rps_test
0,0.5946,0.18761168505090908,0.5929117018026275,0.1873972581555564
