,acc_train,rps_train,acc_test,rps_test
0,0.6002,0.1831767640049165,0.6008554842652001,0.18248308070071387
