,acc_train,rps_train,acc_test,rps_test
0,0.611025,0.17801402737397806,0.6116101435991446,0.17719329431360242
