,acc_train,rps_train,acc_test,rps_test
0,0.62395,0.17142954257713108,0.6265811182401466,0.17141334118610613
