,acc_train,rps_train,acc_test,rps_test
0,0.4051,0.24976374646994337,0.4047662694775435,0.2491247650084201
