,acc_train,rps_train,acc_test,rps_test
0,0.6447,0.15983977675784528,0.6444240757714634,0.15949642513127524
