,acc_train,rps_train,acc_test,rps_test
0,0.65065,0.15710832658873086,0.6495569813626643,0.15686748489910393
