,acc_train,rps_train,acc_test,rps_test
0,0.659325,0.15232203033450883,0.6603727467155515,0.1513689663416355
