,acc_train,rps_train,acc_test,rps_test
0,0.66405,0.14972371962038988,0.6641613198900091,0.14924124758541635
