,acc_train,rps_train,acc_test,rps_test
0,0.672875,0.14475678669966824,0.6744882370913535,0.14396170606099873
