,acc_train,rps_train,acc_test,rps_test
0,0.6737,0.14244917820011568,0.6746104491292392,0.1427118116099199
