,acc_train,rps_train,acc_test,rps_test
0,0.684525,0.13808779626953238,0.6826764436296975,0.138543575478784
