,acc_train,rps_train,acc_test,rps_test
0,0.709825,0.12617998448760676,0.709746410021387,0.12668299030488855
