,acc_train,rps_train,acc_test,rps_test
0,0.7475,0.10810057329886599,0.7486098380690498,0.10796660658019769
