,acc_train,rps_train,acc_test,rps_test
0,0.752225,0.10611192243293503,0.7517873510540788,0.10605757203816452
