,acc_train,rps_train,acc_test,rps_test
0,0.7845,0.09138904184967075,0.7846623892453407,0.09236385267433601
