,acc_train,rps_train,acc_test,rps_test
0,0.790325,0.08906396678345706,0.7918728994805988,0.08943228465167465
