,acc_train,rps_train,acc_test,rps_test
0,0.82055,0.07583957642021796,0.8243813015582034,0.0751965842908294
