,acc_train,rps_train,acc_test,rps_test
0,0.826925,0.07249569597239847,0.831897341888176,0.07222215495478373
