,acc_train,rps_train,acc_test,rps_test
0,0.850275,0.06469720776668055,0.854201038802322,0.06421017223413929
