,acc_train,rps_train,acc_test,rps_test
0,0.866225,0.05844862803952017,0.8684387412160097,0.05846320007847771
