,acc_train,rps_train,acc_test,rps_test
0,0.9389,0.030201666144368068,0.9421937060800489,0.02892342423743373
