,acc_train,rps_train,acc_test,rps_test
0,0.4872,0.2485590633755631,0.48157653528872596,0.2486944185200671
