,acc_train,rps_train,acc_test,rps_test
0,0.9808,0.009867806659121542,0.9821570424686832,0.009292810687006218
