,acc_train,rps_train,acc_test,rps_test
0,0.997175,0.0017516107932258045,0.9963947448823709,0.0023305619967483333
