,acc_train,rps_train,acc_test,rps_test
0,0.998525,0.0010913617826120079,0.9979835013748855,0.0016053238991785759
