,n_neighbors,rps_train,std_train,rps_test,std_test
0,157,0.20890134070550773,0.0003798629712378468,0.21015889995537346,0.0014730406143062449
1,158,0.20889682318089942,0.00038138267258066986,0.21012613563531485,0.0014426263704993751
