,n_neighbors,rps_train,std_train,rps_test,std_test
0,170,0.20771155884818157,0.0003960060710508054,0.20887401167820072,0.0017603857672113304
1,171,0.2077025216156688,0.0003792215390367289,0.20886170060873432,0.0017568104417725607
