,n_neighbors,rps_train,std_train,rps_test,std_test
0,107,0.20430375472202184,0.00022181114114332108,0.20567556336797974,0.0019542770576381307
1,108,0.2043010842945344,0.0002107994368334214,0.20564137409979424,0.0019616139736720697
