,n_neighbors,rps_train,std_train,rps_test,std_test
0,152,0.19944101262314423,0.000399596665304371,0.20062556646035318,0.0016296461501274875
1,153,0.19941962900182136,0.0003971638833510121,0.20060793551625442,0.0016174331983168835
