,n_neighbors,rps_train,std_train,rps_test,std_test
0,189,0.19676352925324397,0.00044069500027325625,0.1979277844265278,0.0014486912854725495
1,190,0.19676603681295426,0.0004398766423695669,0.1979188715373961,0.0014415091715901881
