,n_neighbors,rps_train,std_train,rps_test,std_test
0,161,0.19530652668693987,0.0004818469904320922,0.19650507937579567,0.0015205041015893801
1,162,0.19529415603041259,0.0004583679874106287,0.1964723770195092,0.0015366013309812208
