,n_neighbors,rps_train,std_train,rps_test,std_test
0,355,0.22505215849070845,0.0002123594994282316,0.22607043195794485,0.0006949150251424513
1,356,0.22505224987436648,0.00021023945128795937,0.2260733908479043,0.0006849611845769412
