,n_neighbors,rps_train,std_train,rps_test,std_test
0,195,0.194143533700774,0.0004463662106673381,0.1953041607495069,0.001800910366526992
1,196,0.1941397747255428,0.0004460264928734374,0.19527917989900043,0.0018032338631181787
