,n_neighbors,rps_train,std_train,rps_test,std_test
0,172,0.19245914099903608,0.0004107490900301798,0.19357654348634398,0.0016955641543064278
1,173,0.19247176260817822,0.0004051932041123759,0.1935694468575629,0.0016857138301806824
