,n_neighbors,rps_train,std_train,rps_test,std_test
0,171,0.19081985594298165,0.0003840002911109711,0.19232554290208956,0.0020965213353103893
1,172,0.19081539850485366,0.0003797179013264809,0.19229530700716604,0.002084371252776746
