,n_neighbors,rps_train,std_train,rps_test,std_test
0,199,0.18903685430906067,0.00046478589660172635,0.19020092674427413,0.0016364897434293175
1,200,0.18902963358413113,0.00046021979184044775,0.1901872215625,0.0016365524267862401
