,n_neighbors,rps_train,std_train,rps_test,std_test
0,173,0.1825410235618209,0.0003676651536020867,0.18392713421764845,0.0015156028194685518
1,174,0.18254997666219866,0.00036718533982427697,0.18391112432289602,0.0015187678855189365
