,n_neighbors,rps_train,std_train,rps_test,std_test
0,129,0.22309583660920654,0.00043122568188894215,0.22431150847304848,0.0010749776357675213
1,130,0.22309056554539497,0.00043710209163006213,0.22430748890532545,0.0010679667620106094
