,n_neighbors,rps_train,std_train,rps_test,std_test
0,142,0.178018192117435,0.0004707205069550259,0.1792301198918865,0.0020807067697818944
1,143,0.17802194251125011,0.00047783378666699055,0.17922158601887622,0.0020481527144396864
