,n_neighbors,rps_train,std_train,rps_test,std_test
0,153,0.1730574036644689,0.0005011657666160551,0.17419376361655775,0.0023775527734190235
1,154,0.17305680309155871,0.000494321425891043,0.17419111464833867,0.0023846460703492722
