,n_neighbors,rps_train,std_train,rps_test,std_test
0,144,0.17130141630770973,0.000554138886681108,0.17258643060378084,0.002015196425257756
1,145,0.17129289265536657,0.0005526595521860369,0.17258419678953626,0.0020048312173813676
