,n_neighbors,rps_train,std_train,rps_test,std_test
0,137,0.16776502692589337,0.0006868758512978615,0.1690737918908839,0.002555891264894472
1,138,0.167775463913626,0.000682204767203984,0.1690860710722537,0.002552769760032349
