,n_neighbors,rps_train,std_train,rps_test,std_test
0,170,0.22128794991334072,0.0003895273480469195,0.222358455449827,0.0010875365918318117
1,171,0.22130778239256163,0.0003950053359155257,0.22235922805307617,0.001068171410898017
