,n_neighbors,rps_train,std_train,rps_test,std_test
0,174,0.1613718404062162,0.0005057439421980523,0.1625740169606289,0.0023272527240213235
1,175,0.16137137615805155,0.0005154157639120194,0.16256913428571426,0.002338249432912599
