,n_neighbors,rps_train,std_train,rps_test,std_test
0,134,0.15761967070662863,0.0006466493387933671,0.15889053798173314,0.002794456462978178
1,135,0.15762634025801808,0.0006544817992047928,0.1588875425240055,0.0027925071190067446
