,n_neighbors,rps_train,std_train,rps_test,std_test
0,202,0.1564478301831389,0.0006247097162385586,0.15748148343299676,0.002449745439753369
1,203,0.15645370767559091,0.000624890954436113,0.15748135631779467,0.0024580810373415153
