,n_neighbors,rps_train,std_train,rps_test,std_test
0,156,0.15424743937344262,0.0005740200729216987,0.15546737497945431,0.0025124637331044785
1,157,0.15425670654762633,0.0005741719494484254,0.15544600440180129,0.00250823757802909
