,n_neighbors,rps_train,std_train,rps_test,std_test
0,159,0.15175344607240118,0.000594778779279443,0.15294012103951588,0.0020914545354017745
1,160,0.15176458780786617,0.0005912423864978993,0.15293884716796874,0.0020871057534673173
