,n_neighbors,rps_train,std_train,rps_test,std_test
0,126,0.2186336348943637,0.00025572074862059154,0.2201190381708239,0.001549869989805702
1,127,0.2186379568307671,0.00025862728239820084,0.22013224238948478,0.0015565740513124014
