,n_neighbors,rps_train,std_train,rps_test,std_test
0,122,0.13898342266764255,0.0005474745497720696,0.1402094077532921,0.002266164749692205
1,123,0.13898767464752448,0.0005520685591263792,0.14018854104699582,0.002271905894056661
