,n_neighbors,rps_train,std_train,rps_test,std_test
0,128,0.13684870366806107,0.0005639885485997442,0.13803140487670898,0.002285239678631669
1,129,0.13684950699053536,0.0005620772236113635,0.13804076527852893,0.002320230754727445
