,n_neighbors,rps_train,std_train,rps_test,std_test
0,130,0.12881494841740898,0.0006163127514221363,0.13018275147928993,0.0022755854662789054
1,131,0.12882241153530954,0.0006237951617241503,0.13019228410349046,0.0022827873787336604
