,n_neighbors,rps_train,std_train,rps_test,std_test
0,163,0.12483159468883338,0.0005244334841234466,0.1259328611351575,0.002271476924805722
1,164,0.12483052668885519,0.0005227054056875231,0.12594030478509816,0.0022575879078004265
