,n_neighbors,rps_train,std_train,rps_test,std_test
0,118,0.12236681356583783,0.00047037550973960495,0.12360003321602987,0.002127194033463347
1,119,0.12237831686544784,0.00047402704359127097,0.12361283542828896,0.0021350579963332708
