,n_neighbors,rps_train,std_train,rps_test,std_test
0,157,0.11772126564905949,0.0005244832088375944,0.11877154042760356,0.002164307015191
1,158,0.1177290091511904,0.0005256971214008284,0.11877620072904983,0.0021557985203927814
