,n_neighbors,rps_train,std_train,rps_test,std_test
0,156,0.11582035238880753,0.0005087021784849748,0.11687136546679815,0.002189930173773447
1,157,0.11581955878702124,0.0005081699785591601,0.11686418110268164,0.0021845318441805982
