,n_neighbors,rps_train,std_train,rps_test,std_test
0,137,0.11321116931461353,0.0005144073639864494,0.11419614790345783,0.0020763013395206243
1,138,0.11321122016882808,0.0005060071228134718,0.11419883756038646,0.0020534539537285955
