,n_neighbors,rps_train,std_train,rps_test,std_test
0,106,0.11072394886259122,0.0005869130928743519,0.11186834282662872,0.0024294619691088005
1,107,0.11073345578185083,0.0005945861306201652,0.11186769914403005,0.002424096750618602
