,n_neighbors,rps_train,std_train,rps_test,std_test
0,133,0.10632164140647218,0.0006933672871832265,0.10734213140935044,0.0025802840217416965
1,134,0.10631461242441731,0.0006933400314035016,0.10731939671975943,0.0025577731046969657
