,n_neighbors,rps_train,std_train,rps_test,std_test
0,118,0.09833389643019134,0.00042705865097659323,0.09933557436799771,0.0018878768994340072
1,119,0.0983420758888576,0.00043965235992047316,0.09932209854530047,0.0018596755477624204
