,n_neighbors,rps_train,std_train,rps_test,std_test
0,150,0.21445204065008644,0.00038526604095219025,0.21543878722222226,0.0015372859388425935
1,151,0.21444485118129805,0.00038050831187956313,0.21542463433621334,0.001577770730258319
