,n_neighbors,rps_train,std_train,rps_test,std_test
0,118,0.09285576789397484,0.0005506476107505191,0.09375637658000574,0.0019757955761407955
1,119,0.09285573977288948,0.0005361084466662816,0.09375564402231482,0.0019751624874968813
