,n_neighbors,rps_train,std_train,rps_test,std_test
0,120,0.08373782833785412,0.00040746610346737284,0.08465511197916667,0.001425015828777921
1,121,0.08374216134528914,0.000407060619692527,0.08465856755003073,0.0014175735754006998
