,n_neighbors,rps_train,std_train,rps_test,std_test
0,96,0.07097461097749286,0.0002485297229279835,0.07183318413628471,0.001089024265536698
1,97,0.07097273849377127,0.00025671916162721945,0.07181408624721011,0.0010880770730317016
