,n_neighbors,rps_train,std_train,rps_test,std_test
0,117,0.0678726194546436,0.00024376529629434394,0.06858454233326028,0.000938325716211351
1,118,0.06787579284038031,0.0002455029641831601,0.06857775603274921,0.0009339354649383445
