,n_neighbors,rps_train,std_train,rps_test,std_test
0,127,0.21300466536275406,0.0005250508471678038,0.21389406038812075,0.0015803093868025887
1,128,0.21302157662053153,0.0005064825727744387,0.21390067749023436,0.0015968223390593007
