,n_neighbors,rps_train,std_train,rps_test,std_test
0,91,0.060925673600966915,0.00029182587639097266,0.06175070794590025,0.0012420018450857947
1,92,0.06093870995813984,0.00029085294042777236,0.06174080222117202,0.0012328533009956053
