,n_neighbors,rps_train,std_train,rps_test,std_test
0,84,0.053918748426825966,0.00037975631690897684,0.05461291808390023,0.0014898300672876099
1,85,0.05392474944746437,0.0003858882285237847,0.05460805709342561,0.0014794603763849477
