,n_neighbors,rps_train,std_train,rps_test,std_test
0,79,0.04556671357362247,0.000255106472132337,0.046189032206377184,0.0009769863181199492
1,80,0.04556943606425422,0.00025333079182110387,0.046193662109375,0.0009837951793789082
