,n_neighbors,rps_train,std_train,rps_test,std_test
0,41,0.0355957839124391,0.00023055144435555597,0.03621920731707318,0.0009651787378700165
1,42,0.035585824417901105,0.0002137749379994371,0.03619452239229025,0.0009916435477699255
