,n_neighbors,rps_train,std_train,rps_test,std_test
0,49,0.025784837499846603,0.00034232039546968653,0.026266310912119947,0.0011851018555716743
1,50,0.025783225361544305,0.0003392491702834771,0.026266385000000003,0.0011828561552088318
