,n_neighbors,rps_train,std_train,rps_test,std_test
0,153,0.21070708329263135,0.0004191644218841591,0.21206467544534152,0.0017360835457033929
1,154,0.2106908689641826,0.000419502841733171,0.21208012997554393,0.0017467427315245845
