,n_neighbors,rps_train,std_train,rps_test,std_test
0,28,0.0082282159560579,0.0001221675229165093,0.008454272959183672,0.0004557653536070365
1,29,0.008228837694564648,0.00012532179704044332,0.008445912604042805,0.0004474887854128437
