,n_neighbors,rps_train,std_train,rps_test,std_test
0,14,0.003328030890860578,7.107541019520217e-05,0.003492538265306122,0.0002497676420769929
1,15,0.0033261264847938518,6.457615213674083e-05,0.0034790000000000008,0.00024048952239888588
