,n_neighbors,rps_train,std_train,rps_test,std_test
0,3,0.0007576408642171243,0.0002449588341118943,0.000813888888888889,0.0003754594245574544
1,4,0.0006982436955671325,0.00013692054298316346,0.00076171875,0.0003394465836157219
