,acc_train,rps_train,acc_test,rps_test
0,0.463475,0.22533929725931467,0.46080048884815156,0.22445610098316607
