,acc_train,rps_train,acc_test,rps_test
0,0.5158,0.20726923274788095,0.5080354414909869,0.20712381574331634
