,acc_train,rps_train,acc_test,rps_test
0,0.525425,0.2026603339650628,0.5209288114879316,0.20260244446934594
