,acc_train,rps_train,acc_test,rps_test
0,0.53,0.20089597964829453,0.5260006110601895,0.20074261772170804
