,acc_train,rps_train,acc_test,rps_test
0,0.534125,0.19771770154802398,0.5302780323861901,0.19765454265090876
