,acc_train,rps_train,acc_test,rps_test
0,0.536875,0.19644252778524726,0.5332722273143905,0.19613848538807835
