,acc_train,rps_train,acc_test,rps_test
0,0.5399,0.19493827426632548,0.5356553620531622,0.19458262639638127
