,acc_train,rps_train,acc_test,rps_test
0,0.54255,0.19372899531672313,0.5388939810571342,0.1933516005999027
