,acc_train,rps_train,acc_test,rps_test
0,0.551025,0.18916957464810658,0.5475099297280782,0.18902366192685013
