,acc_train,rps_train,acc_test,rps_test
0,0.563525,0.18232814597218286,0.5575313168347082,0.18276692816665147
