,acc_train,rps_train,acc_test,rps_test
0,0.5698,0.1793360613048409,0.5615643140849373,0.18038475425399653
