,acc_train,rps_train,acc_test,rps_test
0,0.5756,0.17620808710212424,0.568530400244424,0.1768565158271647
