,acc_train,rps_train,acc_test,rps_test
0,0.592125,0.16774680670740266,0.5841124350748549,0.16871905499715
