,acc_train,rps_train,acc_test,rps_test
0,0.595325,0.165998828059542,0.5890009165902842,0.1668353407829033
