,acc_train,rps_train,acc_test,rps_test
0,0.5973,0.16461468923846356,0.5914451573479987,0.1650198644784516
