,acc_train,rps_train,acc_test,rps_test
0,0.60365,0.1614067096960147,0.5992667277726856,0.1615442300443854
