,acc_train,rps_train,acc_test,rps_test
0,0.60615,0.15975712710839488,0.6035441490986863,0.15988589649080123
