,acc_train,rps_train,acc_test,rps_test
0,0.615925,0.1560279981465847,0.6125267338832875,0.15629395063243293
