,acc_train,rps_train,acc_test,rps_test
0,0.63345,0.14808821838912709,0.63006416131989,0.14881068971070846
