,acc_train,rps_train,acc_test,rps_test
0,0.6456,0.143249950570174,0.6411243507485487,0.14441488889456555
