,acc_train,rps_train,acc_test,rps_test
0,0.648875,0.1417137983161273,0.6454628780934922,0.14246025970010678
