,acc_train,rps_train,acc_test,rps_test
0,0.490325,0.21678292870266447,0.4886648334860984,0.21494660607616034
