,acc_train,rps_train,acc_test,rps_test
0,0.66045,0.13750776063961603,0.6584173541093797,0.1375872082400741
