,acc_train,rps_train,acc_test,rps_test
0,0.665475,0.1353797604891847,0.6612282309807516,0.1356613004815039
