,acc_train,rps_train,acc_test,rps_test
0,0.69045,0.12549446273463127,0.6922700886037275,0.12478958931729506
