,acc_train,rps_train,acc_test,rps_test
0,0.7019,0.12113219708783454,0.7028414298808433,0.12071275270320424
