,acc_train,rps_train,acc_test,rps_test
0,0.713375,0.11638140444280025,0.7162236480293309,0.11696851470361708
