,acc_train,rps_train,acc_test,rps_test
0,0.718975,0.11446063005092685,0.7210510235258173,0.11470741227442427
