,acc_train,rps_train,acc_test,rps_test
0,0.7262,0.11210464379489374,0.7256950809654751,0.11285812875790585
