,acc_train,rps_train,acc_test,rps_test
0,0.73335,0.10961224059226454,0.7330889092575619,0.11067572216234295
