,acc_train,rps_train,acc_test,rps_test
0,0.74545,0.10516313287378305,0.7462267033302781,0.10537789057113323
