,acc_train,rps_train,acc_test,rps_test
0,0.759475,0.09987970890629636,0.7583868010999083,0.10108644463882069
