,acc_train,rps_train,acc_test,rps_test
0,0.766275,0.09755896917097552,0.7648029330889092,0.09853445872144005
