,acc_train,rps_train,acc_test,rps_test
0,0.500975,0.21280246838835054,0.4974029941949282,0.21156947744244878
