,acc_train,rps_train,acc_test,rps_test
0,0.773375,0.09501875714497389,0.7722578673999388,0.09587424997989384
