,acc_train,rps_train,acc_test,rps_test
0,0.789625,0.08909034376111875,0.7866788878704553,0.09020222463461304
