,acc_train,rps_train,acc_test,rps_test
0,0.84695,0.06696846495932188,0.8472349526428353,0.06782761803717995
