,acc_train,rps_train,acc_test,rps_test
0,0.871675,0.057028042024429314,0.8736327528261534,0.056854298987152684
