,acc_train,rps_train,acc_test,rps_test
0,0.8907,0.04928890882658763,0.894286587228842,0.04833254493107556
