,acc_train,rps_train,acc_test,rps_test
0,0.9014,0.04477226713526001,0.9039413382218149,0.04424548249507411
