,acc_train,rps_train,acc_test,rps_test
0,0.9244,0.03496542576603246,0.9264894592117323,0.03434965509103675
