,acc_train,rps_train,acc_test,rps_test
0,0.935225,0.030221218006250432,0.9392606171707913,0.028597233682431455
