,acc_train,rps_train,acc_test,rps_test
0,0.9712,0.013940417542243198,0.974946532233425,0.012151389787139012
