,acc_train,rps_train,acc_test,rps_test
0,0.993925,0.0030186501115664925,0.995417048579285,0.002264937136597406
