,n_neighbors,rps_train,std_train,rps_test,std_test
0,497,0.22863950775093206,6.30724885867442e-05,0.2293717792165468,0.0006324521186025618
1,498,0.2286415459049329,6.530853185020453e-05,0.22936639005822484,0.0006192284614012293
