,n_neighbors,rps_train,std_train,rps_test,std_test
0,483,0.22646712722418244,0.00011174927633601512,0.22733548768908945,0.00040863389473584725
1,484,0.22646548557335686,0.00011112551746504308,0.22732702838988117,0.00040268623211032193
