,n_neighbors,rps_train,std_train,rps_test,std_test
0,188,0.2059239858415724,0.0003856677257697467,0.2068961807520371,0.0016394076984556265
1,189,0.20593632496995623,0.0003887019174599449,0.20689759035301364,0.0016384596516758473
