,n_neighbors,rps_train,std_train,rps_test,std_test
0,164,0.20268041726383962,0.00030929425520878737,0.20400544365333134,0.0014094960958108047
1,165,0.2026996958067547,0.0003166689600775641,0.20402055417814507,0.0013860252731846996
