,n_neighbors,rps_train,std_train,rps_test,std_test
0,161,0.2010370562618932,0.00043274476040836663,0.20208261785810733,0.0017474849776779892
1,162,0.20104233871080127,0.00042898840041552544,0.20206365454961134,0.0017503224490476629
