,n_neighbors,rps_train,std_train,rps_test,std_test
0,152,0.19792616371807958,0.0003684021099939595,0.19913053421485455,0.0013959352111620658
1,153,0.19792766109572418,0.0003783149166589884,0.19912417926865736,0.0013909972725897736
