,n_neighbors,rps_train,std_train,rps_test,std_test
0,168,0.1871609441765265,0.00046910185532596346,0.18840717164469953,0.001952063531489931
1,169,0.18716009804593314,0.00046771662143499316,0.18839145338048388,0.0019686139706568376
