,n_neighbors,rps_train,std_train,rps_test,std_test
0,142,0.18552242532356947,0.0004901457128024825,0.18699619929081532,0.0016428499758690041
1,143,0.18552498423851307,0.0004873351539440534,0.18698886742628001,0.0016353932983078083
