,n_neighbors,rps_train,std_train,rps_test,std_test
0,149,0.18410754914873642,0.00021325512243116474,0.18524364443043106,0.00177347714401151
1,150,0.1841075747920801,0.00022055358976697727,0.18523297722222218,0.0017532705698413609
