,n_neighbors,rps_train,std_train,rps_test,std_test
0,148,0.18137482250033424,0.0004434470272368136,0.18245990572498175,0.0017023340334497842
1,149,0.18138742595090246,0.0004501281181793616,0.18247350851313007,0.001719188867680648
