,n_neighbors,rps_train,std_train,rps_test,std_test
0,148,0.17974949798912687,0.0004701265115070647,0.18106911408875093,0.0023417057474722303
1,149,0.17973973457233544,0.0004822513576623808,0.1810542751452637,0.002298651084249066
