,n_neighbors,rps_train,std_train,rps_test,std_test
0,133,0.17639561407965107,0.0005650553866790093,0.1775207219175759,0.0024016408969641904
1,134,0.17640106498465913,0.0005742806661094795,0.17755222627533973,0.002400389020763297
