,n_neighbors,rps_train,std_train,rps_test,std_test
0,156,0.17469000394458986,0.0005058302464285229,0.17591808945595006,0.002255189958706493
1,157,0.17468514665577256,0.0005050098141902278,0.17591311209379693,0.0022612159949637737
