,n_neighbors,rps_train,std_train,rps_test,std_test
0,207,0.16970187874730466,0.0006290966714055241,0.17078820596746713,0.002549852082342006
1,208,0.1697065390592261,0.0006346859493513344,0.170791242430196,0.0025568110717559996
