,n_neighbors,rps_train,std_train,rps_test,std_test
0,156,0.16612060105740875,0.0008097764733666815,0.1674377003205128,0.0032269743460807887
1,157,0.16613701090179706,0.0008170551459744389,0.16742313481277132,0.0032237155567199026
