,n_neighbors,rps_train,std_train,rps_test,std_test
0,163,0.1643467809352897,0.000823796193243858,0.16562598470021453,0.0028958559644876843
1,164,0.16435094763942198,0.0008215657738230088,0.16561780050936942,0.0028999723405917824
