,n_neighbors,rps_train,std_train,rps_test,std_test
0,147,0.16277557137854143,0.0005872256016231842,0.16400099264195472,0.0026530344817218368
1,148,0.16277801117061402,0.0005880830892372868,0.16398610984295106,0.0026657561874691947
