,n_neighbors,rps_train,std_train,rps_test,std_test
0,148,0.15959836565177846,0.0005994948802214356,0.16087005855094957,0.002484655537399122
1,149,0.1596091278058111,0.000597806033361724,0.16087228615828117,0.0024633310174254374
