,n_neighbors,rps_train,std_train,rps_test,std_test
0,146,0.1496369998712142,0.00045642650951961976,0.15101663304559954,0.002067103860897186
1,147,0.14964305257441343,0.0004472126706403279,0.1509960381091212,0.002053107292440067
