,n_neighbors,rps_train,std_train,rps_test,std_test
0,119,0.14722412970747226,0.0004361168446730256,0.1484548354635972,0.0017699372830502081
1,120,0.14723078648644977,0.0004297893986460807,0.14842522743055556,0.0017722392573653312
