,n_neighbors,rps_train,std_train,rps_test,std_test
0,141,0.1449887742924101,0.0005121453283795535,0.14611711747397013,0.002013400844603666
1,142,0.14498584369888134,0.000509321384851925,0.1461255641241817,0.002008886457555135
