,n_neighbors,rps_train,std_train,rps_test,std_test
0,114,0.14312018809055685,0.0005017627589002926,0.14432470760233918,0.00218856670398545
1,115,0.14312131585685908,0.000503923835041302,0.14432886672967862,0.0021710068926949428
