,n_neighbors,rps_train,std_train,rps_test,std_test
0,96,0.14091262140429134,0.0005632515247169315,0.1423676038953993,0.0021433786900944603
1,97,0.14090567891160688,0.0005689226583872242,0.14232878361143586,0.0021423518614567634
