,n_neighbors,rps_train,std_train,rps_test,std_test
0,123,0.13503961509326068,0.0004804558133942106,0.136274553010774,0.0017025666803812734
1,124,0.13503901867410756,0.00046838630706231183,0.13626533152315295,0.0017114222623797778
