,n_neighbors,rps_train,std_train,rps_test,std_test
0,129,0.13317351510211253,0.0005451377374451056,0.13451779790877955,0.0018647625606057923
1,130,0.13317150182302606,0.0005416567912817586,0.13447831656804732,0.0018772684725383902
