,n_neighbors,rps_train,std_train,rps_test,std_test
0,118,0.13073010483677833,0.0005689349839369664,0.1319684627262281,0.0023350236208500214
1,119,0.13073800996168367,0.0005656366539238966,0.13195457153449616,0.002332845297236527
