,n_neighbors,rps_train,std_train,rps_test,std_test
0,144,0.12682807637292942,0.0006187476723838023,0.12795043041087964,0.0024768876127971504
1,145,0.12683063132719058,0.0006219936516467329,0.12794275564803803,0.0024727563782095062
