,n_neighbors,rps_train,std_train,rps_test,std_test
0,127,0.21633987900075963,0.0003765621560524006,0.2177956661913324,0.0014347365132586004
1,128,0.2163384020171383,0.0003771107415101128,0.21779994735717773,0.0014377248113055343
