,n_neighbors,rps_train,std_train,rps_test,std_test
0,147,0.12028579695530861,0.0005114343910877192,0.12132900469711694,0.0020624441777112304
1,148,0.12029263227646717,0.0005091631134617424,0.1213069239636596,0.002064289530075128
