,n_neighbors,rps_train,std_train,rps_test,std_test
0,114,0.10846658545169781,0.0006313962884683241,0.10955596433518006,0.002386773831542704
1,115,0.10846329188098483,0.0006403125849816084,0.10953859829867674,0.002378665484889073
