,n_neighbors,rps_train,std_train,rps_test,std_test
0,103,0.10358821393181686,0.0005906870909520969,0.10477083254783674,0.002277992641206382
1,104,0.10359255734626434,0.0005960138282349532,0.10475995284763315,0.0022612406607753423
