,n_neighbors,rps_train,std_train,rps_test,std_test
0,108,0.1008070004927144,0.0004795870486307065,0.10187428090706446,0.0019603840214610234
1,109,0.10081043456322303,0.00047693873129167337,0.10188151986364784,0.0019585845904966444
