,n_neighbors,rps_train,std_train,rps_test,std_test
0,132,0.09585521578013384,0.0005323390637023012,0.09687406163911846,0.0018148921154951185
1,133,0.09584551193932518,0.0005293228396837634,0.09687995647012267,0.0017978427618396506
