,n_neighbors,rps_train,std_train,rps_test,std_test
0,109,0.08982042288220111,0.0004170282201855557,0.09091245475970038,0.0014295943170846922
1,110,0.08982607397950368,0.0004186091270908976,0.0908912820247934,0.0014281312148688456
