,n_neighbors,rps_train,std_train,rps_test,std_test
0,85,0.08662761579715975,0.00033021327939149615,0.08773918166089965,0.0014468536820480937
1,86,0.08664342468653044,0.0003291615356244393,0.08774501588696593,0.0014584041402015075
