,n_neighbors,rps_train,std_train,rps_test,std_test
0,84,0.0802783236317437,0.00036470075263405954,0.08140614547902494,0.0014756314655582968
1,85,0.08027778542618573,0.0003671694154198997,0.08138019377162631,0.001464134718728629
