,n_neighbors,rps_train,std_train,rps_test,std_test
0,118,0.07745071197869663,0.000407070149450754,0.07846652273053718,0.0013299731045649137
1,119,0.07746020507139731,0.00040641169334797964,0.0784838967940117,0.001325877056514187
