,n_neighbors,rps_train,std_train,rps_test,std_test
0,80,0.07428747046173571,0.00025948486405802867,0.07521952734375,0.0011208431252076195
1,81,0.07429020891972318,0.00025638815837867234,0.07523237692424935,0.0011233609457252738
