,n_neighbors,rps_train,std_train,rps_test,std_test
0,72,0.0644783531687032,0.000206280046642168,0.06550791136188272,0.0010897045894571675
1,73,0.06447842120738216,0.0002086251079123283,0.06549137033214487,0.0010915033227105373
