,n_neighbors,rps_train,std_train,rps_test,std_test
0,75,0.05765205985391353,0.0002984774233789332,0.058489333333333345,0.0011030326675681922
1,76,0.05765449559772481,0.00029159406887294717,0.05849378462603878,0.0011155700795831916
