,n_neighbors,rps_train,std_train,rps_test,std_test
0,82,0.05006242657217652,0.0002777820084203324,0.05072621951219512,0.001219058031095838
1,83,0.05006887779187039,0.0002804031255023558,0.0507312182464799,0.0012067881362017043
