,n_neighbors,rps_train,std_train,rps_test,std_test
0,49,0.04073278376749921,0.00027421264288892853,0.041382600999583505,0.001226505272950147
1,50,0.0407317313953944,0.0002829012854559445,0.041387275,0.001215448612397557
