,n_neighbors,rps_train,std_train,rps_test,std_test
0,61,0.030946283490177286,0.0002205153596596778,0.03143216541252351,0.0009650882386685385
1,62,0.03095300440840612,0.0002265049340620429,0.03142949401664932,0.0009684684834824507
