,n_neighbors,rps_train,std_train,rps_test,std_test
0,38,0.020081473558630387,0.00021336821971998875,0.020458483379501388,0.0008992110556141593
1,39,0.020080601296330998,0.00021553738746336306,0.020451692965154505,0.0008941621661682106
