,n_neighbors,rps_train,std_train,rps_test,std_test
0,36,0.014556926525294564,0.00014654082968029386,0.01490702160493827,0.0006255753205142469
1,37,0.01455424706607988,0.00014941839766865954,0.01489840211833455,0.0006226638853731511
