,n_neighbors,rps_train,std_train,rps_test,std_test
0,2,3.593759768371592e-05,6.72098103860836e-06,0.000115625,8.982228190365987e-05
