,acc_train,rps_train,acc_test,rps_test
0,0.460525,0.22650349153276755,0.4553009471432936,0.22633124158636667
