,acc_train,rps_train,acc_test,rps_test
0,0.5167,0.20598234672080126,0.5105407882676444,0.20675372268849332
