,acc_train,rps_train,acc_test,rps_test
0,0.527875,0.20120130267870753,0.5238619003971892,0.20169719615949463
