,acc_train,rps_train,acc_test,rps_test
0,0.531525,0.19914541842880945,0.5234341582645891,0.19990804339005042
