,acc_train,rps_train,acc_test,rps_test
0,0.5433,0.19216222852417392,0.5349831958447907,0.19319899339731794
