,acc_train,rps_train,acc_test,rps_test
0,0.555825,0.1857726612548291,0.5501985945615643,0.18729367884694684
