,acc_train,rps_train,acc_test,rps_test
0,0.563775,0.18103902654766252,0.5576535288725939,0.18268049290775154
