,acc_train,rps_train,acc_test,rps_test
0,0.5719,0.17783879957455134,0.5665750076382524,0.17969125070071784
