,acc_train,rps_train,acc_test,rps_test
0,0.57375,0.1762586310701566,0.5646196150320807,0.17779333898794594
