,acc_train,rps_train,acc_test,rps_test
0,0.576575,0.1745313851474705,0.5672471738466239,0.17618859902099726
