,acc_train,rps_train,acc_test,rps_test
0,0.585425,0.1712578947681332,0.5742743660250534,0.17304165490502957
