,acc_train,rps_train,acc_test,rps_test
0,0.5917,0.16604746135745874,0.5827681026581119,0.16752998967712615
