,acc_train,rps_train,acc_test,rps_test
0,0.621575,0.15430344283743763,0.6157042468683165,0.15559682878875136
