,acc_train,rps_train,acc_test,rps_test
0,0.628075,0.15156776904296876,0.6213260006110601,0.15335556542163153
