,acc_train,rps_train,acc_test,rps_test
0,0.6297,0.1496446388079041,0.6254201038802322,0.15100878447448451
