,acc_train,rps_train,acc_test,rps_test
0,0.645475,0.14296154874576794,0.6373968835930339,0.14475008973594733
