,acc_train,rps_train,acc_test,rps_test
0,0.684025,0.12870519674556213,0.6838985640085549,0.12889507120297503
