,acc_train,rps_train,acc_test,rps_test
0,0.70025,0.12227365160873312,0.7014970974641002,0.12254871563697056
