,acc_train,rps_train,acc_test,rps_test
0,0.49175,0.2159564077128154,0.4889703635808127,0.21544243699547588
