,acc_train,rps_train,acc_test,rps_test
0,0.704,0.12022058356921111,0.7046135044301863,0.12053287355406041
