,acc_train,rps_train,acc_test,rps_test
0,0.712475,0.1177455784210313,0.714390467461045,0.11912677518172435
