,acc_train,rps_train,acc_test,rps_test
0,0.7587,0.10070070301783265,0.7569813626642224,0.10282210374024996
