,acc_train,rps_train,acc_test,rps_test
0,0.76505,0.09830209466139397,0.7638252367858234,0.10068002830614103
