,acc_train,rps_train,acc_test,rps_test
0,0.497,0.21429202447261086,0.4955087076076994,0.21427080273560184
