,acc_train,rps_train,acc_test,rps_test
0,0.828775,0.074219587890625,0.826886648334861,0.077038974182707
