,acc_train,rps_train,acc_test,rps_test
0,0.8897,0.05002953599048185,0.8934311029636419,0.04975834768743163
