,acc_train,rps_train,acc_test,rps_test
0,0.911825,0.040640706997084546,0.9141460433852735,0.04080112001402818
