,acc_train,rps_train,acc_test,rps_test
0,0.5083,0.2105835912469563,0.49666972196761383,0.21110013061349553
