,acc_train,rps_train,acc_test,rps_test
0,0.9585,0.020081155489809335,0.9606477238007943,0.019371813251810432
