,acc_train,rps_train,acc_test,rps_test
0,0.98365,0.008213926872770512,0.983562480904369,0.008242882256839279
