,acc_train,rps_train,acc_test,rps_test
0,0.998825,0.00095,0.9960281087687137,0.002054689886953865
