,acc_train,rps_train,acc_test,rps_test
0,0.999875,3.4375e-05,0.9970669110907424,0.0006568897036358082
