,n_neighbors,rps_train,std_train,rps_test,std_test
0,496,0.22618853323393337,0.00013141310738564002,0.2269640861773218,0.0005159895400504874
1,497,0.22618594917273702,0.0001273307811162911,0.22695608024403968,0.0004995433188447209
