,n_neighbors,rps_train,std_train,rps_test,std_test
0,191,0.214148341476233,0.00028012335659256647,0.2163456792576958,0.000991872620316813
1,192,0.21416718188742964,0.0002795731140302867,0.21633953552246094,0.000977485940007082
