,n_neighbors,rps_train,std_train,rps_test,std_test
0,121,0.21071912313453717,0.0002887740064861049,0.21425416723584453,0.0009381652584775786
1,122,0.2107477317473713,0.0002891681509495394,0.21422687029696316,0.0009497056884446405
