,n_neighbors,rps_train,std_train,rps_test,std_test
0,128,0.2091629930061727,0.00023771198664969582,0.2124703094482422,0.0008519410016662297
1,129,0.2091970525283048,0.00023220035009525837,0.21245144071870678,0.0008586332704842543
