,n_neighbors,rps_train,std_train,rps_test,std_test
0,120,0.20794181822880162,0.00032540108355795045,0.2114537196180556,0.001184215023883087
1,121,0.20797699267064657,0.0003284114328183622,0.21146102298340275,0.0011712978101621678
