,n_neighbors,rps_train,std_train,rps_test,std_test
0,117,0.20605111815065694,0.000190522999729092,0.2096205621301775,0.0008337027410495521
1,118,0.2060807623515458,0.00019091461489879614,0.2096193398089629,0.0008178566827770292
