,n_neighbors,rps_train,std_train,rps_test,std_test
0,98,0.2045982564973344,0.0003286713379374718,0.20876214337775928,0.0010302553401568184
1,99,0.20464306023181617,0.00033446066891716257,0.20874410136720745,0.0009818291782658518
