,n_neighbors,rps_train,std_train,rps_test,std_test
0,83,0.20274836305173044,0.00029253537822609467,0.2078617905356365,0.0008711040538504455
1,84,0.20280735756383791,0.0002820013120162524,0.2078620145975057,0.0008810024198082575
