,n_neighbors,rps_train,std_train,rps_test,std_test
0,494,0.22465810526350158,0.00020404889089548965,0.22561333102493072,0.0007268354069760108
1,495,0.2246590121623105,0.00020145035724985306,0.22560909631670237,0.0007320547176033253
