,n_neighbors,rps_train,std_train,rps_test,std_test
0,73,0.19986335851358328,0.00024785218255388034,0.20512289829236255,0.001022298690509675
1,74,0.19994257036341112,0.00024434599029246476,0.20512977994886777,0.0010259394018997466
