,n_neighbors,rps_train,std_train,rps_test,std_test
0,77,0.1977144330251165,0.00031822462660792303,0.2026820648507337,0.0009792393201927855
1,78,0.19778106774229648,0.0003194668074788683,0.20267976043721234,0.0009591126564630995
