,n_neighbors,rps_train,std_train,rps_test,std_test
0,66,0.19490080175018148,0.0003464226595372976,0.20071084136822773,0.0012678090460000672
1,67,0.1949607574710825,0.00035582754889319155,0.2007047421474716,0.0012672777825827042
