,n_neighbors,rps_train,std_train,rps_test,std_test
0,49,0.18867825617515172,0.00037673319654557455,0.19637824864639733,0.0013122604412189728
1,50,0.1888478151907692,0.00035384136996169136,0.19634256999999997,0.0013470439914174243
