,n_neighbors,rps_train,std_train,rps_test,std_test
0,56,0.18872270527348395,0.0004263001646164433,0.19542091836734693,0.0014260803105066997
1,57,0.18881346056822362,0.0004074949987088638,0.1954030086180363,0.0014335996770522763
