,n_neighbors,rps_train,std_train,rps_test,std_test
0,48,0.1865882461559957,0.0004455142597892975,0.19417996419270836,0.001360543824734121
1,49,0.18674780553883952,0.0004540002048000417,0.1941320283215327,0.001353856109919293
