,n_neighbors,rps_train,std_train,rps_test,std_test
0,63,0.18810179273955122,0.00038001908846350046,0.19390349584278155,0.0010627915260813061
1,64,0.18821950917317237,0.00038334443637867395,0.193924853515625,0.0010536865185494806
