,n_neighbors,rps_train,std_train,rps_test,std_test
0,41,0.18258737278064652,0.0005131934161116073,0.19171187537180248,0.001586573942488494
1,42,0.18279462658902954,0.0004881928388381529,0.19169851899092968,0.0016123644197970903
