,n_neighbors,rps_train,std_train,rps_test,std_test
0,35,0.17970297121102619,0.0004365822274305922,0.19023765306122448,0.0016202492980732716
1,36,0.18000466323408512,0.0004624722802748725,0.1902865837191358,0.001559220219697011
