,n_neighbors,rps_train,std_train,rps_test,std_test
0,37,0.17927506354698922,0.00030374298647639365,0.18921024470416362,0.0012264141969470543
1,38,0.17952272776938083,0.00030661768302672743,0.18922667070637117,0.001197641958057381
