,n_neighbors,rps_train,std_train,rps_test,std_test
0,30,0.1761454989907622,0.0004479288593200656,0.18837190277777777,0.001811146158206296
1,31,0.1765079270976884,0.00042939714369318494,0.18830725806451615,0.0018811605439004349
