,n_neighbors,rps_train,std_train,rps_test,std_test
0,30,0.17514287825762578,0.0003864766532471052,0.1874031666666667,0.0017541703527128377
1,31,0.17549765413147692,0.00042028126666950684,0.18732938345473468,0.0017123243159734086
