,n_neighbors,rps_train,std_train,rps_test,std_test
0,33,0.175544898988153,0.00037054680676646963,0.18672925849403124,0.0017939556233864862
1,34,0.17586169617937392,0.0003540579184287045,0.18672268598615918,0.0018183548627288522
