,n_neighbors,rps_train,std_train,rps_test,std_test
0,32,0.17444102400938263,0.0002814714308193516,0.1857148681640625,0.001274140741377955
1,33,0.17479426642609677,0.0003028251439137905,0.18565127410468318,0.0013261125157322594
