,n_neighbors,rps_train,std_train,rps_test,std_test
0,35,0.17453092230894382,0.0004647759584199001,0.18504840816326532,0.0017610351782100062
1,36,0.1748277022325048,0.00043924678805650364,0.18507735339506176,0.0016917100863535612
