,n_neighbors,rps_train,std_train,rps_test,std_test
0,31,0.17174706514145924,0.00030912244095337955,0.18331968002081164,0.0014735408609896008
1,32,0.17215980751738064,0.0003338057547809226,0.18329688720703124,0.0015203919495919709
