,n_neighbors,rps_train,std_train,rps_test,std_test
0,37,0.17044486694341737,0.00044402063815747304,0.17996614317019724,0.0016455849650919949
1,38,0.17068834830685628,0.00044496724138629815,0.17999808691135732,0.0015755825360996949
