,n_neighbors,rps_train,std_train,rps_test,std_test
0,418,0.22079048960814399,0.0002647844265830405,0.22179217422906986,0.0009830980317724414
1,419,0.22078999686184364,0.0002610959282749413,0.22179251691719687,0.0009813947024859672
