,n_neighbors,rps_train,std_train,rps_test,std_test
0,28,0.16462060633443326,0.00041551960093163593,0.17687182716836736,0.001700603554011787
1,29,0.16500167777401925,0.0004152569390637467,0.17692617419738407,0.0017747338839436608
