,n_neighbors,rps_train,std_train,rps_test,std_test
0,29,0.1641109112388565,0.0003665025893562569,0.17641258917954816,0.0015644096066408635
1,30,0.16454723641740113,0.0004008865544756564,0.17640201388888888,0.0015721096636884004
