,n_neighbors,rps_train,std_train,rps_test,std_test
0,25,0.1595230338392116,0.0003042261938704505,0.17330021999999998,0.0014246511189737858
1,26,0.1599801483994175,0.00033528436465818184,0.17323711168639053,0.0013864527222813563
