,n_neighbors,rps_train,std_train,rps_test,std_test
0,22,0.15639319253975043,0.0005360169320506562,0.1720036415289256,0.0020431526205188883
1,23,0.15707878823711965,0.0005636156816081599,0.17199291115311907,0.00202358065203463
