,n_neighbors,rps_train,std_train,rps_test,std_test
0,26,0.15795380729826386,0.0005800914498193014,0.17116747411242605,0.0023502127870662208
1,27,0.1584620509913195,0.0006196871525315339,0.17114807956104253,0.0022672597903722527
