,n_neighbors,rps_train,std_train,rps_test,std_test
0,25,0.15641620743144674,0.0004195768560854136,0.17002792,0.001989150981459236
1,26,0.15690685268577892,0.0004398624896194796,0.16994031065088758,0.0019497101127149148
