,n_neighbors,rps_train,std_train,rps_test,std_test
0,21,0.1516855385506375,0.0004289060034796258,0.16690963718820861,0.0018346849771388961
1,22,0.15228179401512143,0.00038674881952075444,0.1668976756198347,0.0019392155184905814
