,n_neighbors,rps_train,std_train,rps_test,std_test
0,21,0.1500431774223159,0.0004219852680333898,0.16507970521541948,0.0017993410438737593
1,22,0.15070820111618682,0.0004191009342546465,0.1649936208677686,0.00189713875523563
