,n_neighbors,rps_train,std_train,rps_test,std_test
0,28,0.15227447701230132,0.0003948288248864831,0.16381226084183675,0.0016839768558889134
1,29,0.15268386560190547,0.0004121225689229408,0.16390833828775267,0.0015865218732010221
