,n_neighbors,rps_train,std_train,rps_test,std_test
0,20,0.14699299637711585,0.0005016580777356794,0.162875,0.0017069812282235423
1,21,0.1476199011074377,0.0004977940206728287,0.16288004535147393,0.0017855162161975978
