,n_neighbors,rps_train,std_train,rps_test,std_test
0,24,0.14829565989876575,0.0005103631458054209,0.1617107204861111,0.001967353601922375
1,25,0.1488820492194173,0.0005278358524573601,0.16181120000000002,0.0019934800389036548
