,n_neighbors,rps_train,std_train,rps_test,std_test
0,19,0.14405414394672977,0.0005765711665741299,0.16044639889196677,0.0021749152490905203
1,20,0.14479782631946342,0.000550410357770985,0.16031459375,0.002164632931631962
