,n_neighbors,rps_train,std_train,rps_test,std_test
0,23,0.14565086009708628,0.00048181570640451027,0.15914971644612477,0.0017479243428191733
1,24,0.14625998596189976,0.0005281931971906819,0.15922259114583334,0.001716827572043845
