,n_neighbors,rps_train,std_train,rps_test,std_test
0,14,0.13703203381626466,0.0003891517458557485,0.15839413265306124,0.001624239897777669
1,15,0.13817742027230545,0.0004114805299254228,0.1581977777777778,0.0016882777473837373
