,n_neighbors,rps_train,std_train,rps_test,std_test
0,14,0.12666162573407708,0.0005371070520433529,0.14672283163265307,0.002319709319484105
1,15,0.12784904634324787,0.0005199107308552605,0.14685994444444445,0.0021181024094360013
