,n_neighbors,rps_train,std_train,rps_test,std_test
0,16,0.12077736130873443,0.00033552490032531893,0.137845703125,0.0015276074112911698
1,17,0.12173094072036839,0.0003057779551328606,0.1378084775086505,0.0014246276473485686
