,n_neighbors,rps_train,std_train,rps_test,std_test
0,15,0.11839121382337765,0.00027594900867030395,0.13610244444444444,0.0013709353684140592
1,16,0.11950636361795919,0.0002469384622855819,0.136130810546875,0.0013876739704444588
