,n_neighbors,rps_train,std_train,rps_test,std_test
0,10,0.10743540898327346,0.0002213616904597569,0.13231437499999998,0.001053844571075904
1,11,0.109224408799275,0.0002174647139883132,0.13203977272727271,0.0012571265754525412
