,n_neighbors,rps_train,std_train,rps_test,std_test
0,11,0.10806369273023184,0.00036468659517349217,0.13058471074380162,0.0015001946673070675
1,12,0.10973262113595636,0.00036885690396284314,0.13036953125,0.0012782367288124256
