,n_neighbors,rps_train,std_train,rps_test,std_test
0,12,0.10673880315809832,0.0002851084248936506,0.12690069444444446,0.0012856889854336944
1,13,0.10821313006895741,0.0002659920070496375,0.12701923076923077,0.0013881554490013585
