,n_neighbors,rps_train,std_train,rps_test,std_test
0,12,0.1038928031443714,0.00036865175049164914,0.12356822916666667,0.0013995076253315224
1,13,0.10533528994504548,0.00037550652680826607,0.12368557692307693,0.0014372284255456508
