,n_neighbors,rps_train,std_train,rps_test,std_test
0,12,0.10040741039468615,0.00042739076265498646,0.11930677083333333,0.0011540090023193538
1,13,0.1019420220557277,0.0003969589643739077,0.11953298816568049,0.0011890009396811883
