,n_neighbors,rps_train,std_train,rps_test,std_test
0,8,0.09246460510455466,0.00029909028706610305,0.119957421875,0.0010478308310101951
1,9,0.0948808317400058,0.0003117173436987267,0.1195899691358025,0.0010396327148949323
