,acc_train,rps_train,acc_test,rps_test
0,0.458925,0.22797240988937434,0.4565841735410938,0.22744402617856874
