,acc_train,rps_train,acc_test,rps_test
0,0.52015,0.20516266610864878,0.513412771157959,0.20540656449323527
