,acc_train,rps_train,acc_test,rps_test
0,0.522925,0.203884180417412,0.5182401466544455,0.2037869374311931
