,acc_train,rps_train,acc_test,rps_test
0,0.5341,0.19812629409300084,0.5314390467461045,0.19855864012262198
