,acc_train,rps_train,acc_test,rps_test
0,0.5407,0.19451980081510384,0.537610754659334,0.19493145202471251
