,acc_train,rps_train,acc_test,rps_test
0,0.549075,0.19118422474869057,0.5432325084020776,0.19203081085689075
