,acc_train,rps_train,acc_test,rps_test
0,0.474925,0.22191661876848062,0.4724106324472961,0.22121807900308912
