,acc_train,rps_train,acc_test,rps_test
0,0.560275,0.18413360080493307,0.5530094714329361,0.18617487483699122
