,acc_train,rps_train,acc_test,rps_test
0,0.564675,0.18204148837783618,0.5555148182095937,0.183506843864231
