,acc_train,rps_train,acc_test,rps_test
0,0.56675,0.18046603579411943,0.5607699358386801,0.18157471846635775
