,acc_train,rps_train,acc_test,rps_test
0,0.48055,0.21998867699112148,0.4773602199816682,0.21879107432883682
