,acc_train,rps_train,acc_test,rps_test
0,0.603125,0.16300694586115072,0.5949282004277421,0.1644243982105252
