,acc_train,rps_train,acc_test,rps_test
0,0.609225,0.1594714805102547,0.6036052551176291,0.16079127073352173
