,acc_train,rps_train,acc_test,rps_test
0,0.4877,0.21712449183305108,0.483837457989612,0.21633257368858422
