,acc_train,rps_train,acc_test,rps_test
0,0.628125,0.15142485064056058,0.6212037885731745,0.1523745596580652
