,acc_train,rps_train,acc_test,rps_test
0,0.641075,0.14517194127254227,0.6377024136877483,0.14665294575420176
