,acc_train,rps_train,acc_test,rps_test
0,0.6573,0.13875093054652315,0.6517567980446074,0.14073078639036493
