,acc_train,rps_train,acc_test,rps_test
0,0.495875,0.21530826037001172,0.4895814237702414,0.214165862632196
