,acc_train,rps_train,acc_test,rps_test
0,0.66575,0.13517345681956824,0.6630003055300947,0.13584001673701807
