,acc_train,rps_train,acc_test,rps_test
0,0.669675,0.13346406762364454,0.6680721051023526,0.13398585857997
