,acc_train,rps_train,acc_test,rps_test
0,0.678975,0.12984400971807064,0.6782768102658112,0.13017499637739516
