,acc_train,rps_train,acc_test,rps_test
0,0.701325,0.12091334884065354,0.699297280782157,0.12169551440358768
