,acc_train,rps_train,acc_test,rps_test
0,0.72305,0.11287946402619049,0.7231897341888176,0.11358816582137293
