,acc_train,rps_train,acc_test,rps_test
0,0.7307,0.11005817027215112,0.7290559120073328,0.11170011739512052
