,acc_train,rps_train,acc_test,rps_test
0,0.7346,0.1083884115173948,0.7333944393522762,0.1096887860952674
