,acc_train,rps_train,acc_test,rps_test
0,0.7415,0.10560905976203142,0.7395050412465628,0.1071247438634795
