,acc_train,rps_train,acc_test,rps_test
0,0.75445,0.1007160586828055,0.7513596089214788,0.10233073047623846
