,acc_train,rps_train,acc_test,rps_test
0,0.767275,0.09592969612482945,0.7649862511457378,0.097609323256428
