,acc_train,rps_train,acc_test,rps_test
0,0.782925,0.08984625180548919,0.7788573174457684,0.09228979462990838
