,acc_train,rps_train,acc_test,rps_test
0,0.790075,0.08796165708529172,0.786801099908341,0.08945712385557777
