,acc_train,rps_train,acc_test,rps_test
0,0.798125,0.08484348392489642,0.7952948365413993,0.08618018011839483
