,acc_train,rps_train,acc_test,rps_test
0,0.838975,0.06943569613695022,0.8367858234036053,0.07161395182704365
