,acc_train,rps_train,acc_test,rps_test
0,0.847,0.06591171810614167,0.8474182706996639,0.0674974088815205
