,acc_train,rps_train,acc_test,rps_test
0,0.51025,0.20939495433495312,0.5056523067522151,0.20859323248568348
