,acc_train,rps_train,acc_test,rps_test
0,0.854975,0.06317674532425643,0.8560953253895509,0.06397400619277202
