,acc_train,rps_train,acc_test,rps_test
0,0.87175,0.05647636377445564,0.8736938588450962,0.05655458886899842
