,acc_train,rps_train,acc_test,rps_test
0,0.881375,0.05280932929259128,0.8833486098380691,0.05271940696489309
