,acc_train,rps_train,acc_test,rps_test
0,0.8908,0.04868625409610563,0.8944087992667278,0.04813066280310956
