,acc_train,rps_train,acc_test,rps_test
0,0.9014,0.044470524540011394,0.9040024442407577,0.044064910631436374
