,acc_train,rps_train,acc_test,rps_test
0,0.912625,0.03971124443272879,0.9149404216315307,0.03927583439588261
