,acc_train,rps_train,acc_test,rps_test
0,0.946875,0.02494071514518781,0.9516040329972503,0.02309106858212092
