,acc_train,rps_train,acc_test,rps_test
0,0.9593,0.01937164413597773,0.962664222425909,0.017886834525673925
