,acc_train,rps_train,acc_test,rps_test
0,0.971225,0.01391341781719288,0.974946532233425,0.012139623934817627
