,acc_train,rps_train,acc_test,rps_test
0,0.993925,0.002991697585342714,0.995417048579285,0.0022791754026828944
