,acc_train,rps_train,acc_test,rps_test
0,0.998975,0.0005087790983570795,0.999083409715857,0.0004530815168834947
