{"eval_train": [1.0588387205600738, 0.45685, 0.22857274080514908], "eval_test": [1.0643064796250783, 0.4554231591820899, 0.2278364953073638]}