{"eval_train": [1.0587011412620544, 0.456625, 0.2285924318909645], "eval_test": [1.0640382830243644, 0.45609532539046144, 0.22788250491938167]}