{"eval_train": [1.0591379588127137, 0.45625, 0.22874584718942642], "eval_test": [1.0634447262405875, 0.4559731133525757, 0.22785918879519898]}