{"eval_train": [0.9903236721992492, 0.5195, 0.2055952618598938], "eval_test": [1.0093649011702848, 0.5040024442425788, 0.20879154869751065]}