{"eval_train": [0.9918874914169311, 0.518525, 0.20564455581903457], "eval_test": [1.0047423369579274, 0.5156736938806983, 0.20709082524946915]}