{"eval_train": [0.975720036649704, 0.53005, 0.20133168445825578], "eval_test": [1.0054596106211344, 0.5118240146872978, 0.20712801638525122]}