{"eval_train": [0.9889093433380127, 0.52225, 0.20491172462701798], "eval_test": [1.0079129181686177, 0.5092575618916974, 0.20814765207526373]}