{"eval_train": [0.9826756173610687, 0.527275, 0.2027953509569168], "eval_test": [0.9995089699724491, 0.5150626336712375, 0.20546475369340958]}