{"eval_train": [0.9696509976863861, 0.5338, 0.19946102291345597], "eval_test": [1.0041677714668935, 0.5098075160621832, 0.20663119461097157]}