{"eval_train": [0.9807773255348206, 0.527375, 0.20229162420630456], "eval_test": [0.99557426429618, 0.5166513901637521, 0.2042712164843006]}