{"eval_train": [0.970838038444519, 0.534525, 0.19947947915792466], "eval_test": [1.0018985895108201, 0.5139016193313553, 0.20593317954175305]}