{"eval_train": [0.9671373656749725, 0.5397, 0.19843001676797867], "eval_test": [0.9978659364960808, 0.516284754070127, 0.20483187546232517]}