{"eval_train": [0.9720142513275146, 0.53455, 0.19941911129951478], "eval_test": [0.9925913581234798, 0.5211121295629711, 0.20298991277609038]}