{"eval_train": [0.968519045829773, 0.535925, 0.19817723722457886], "eval_test": [0.991168524797925, 0.5224564619797142, 0.20229890965883643]}