{"eval_train": [0.9615927140712738, 0.540325, 0.1966047975063324], "eval_test": [0.9901221749762894, 0.5229453101348993, 0.2024170392411148]}