{"eval_train": [0.9660728789329529, 0.540175, 0.1964657905459404], "eval_test": [0.9929031519033186, 0.5212343416044991, 0.2018017542988672]}