{"eval_train": [0.9665866825103759, 0.5411, 0.19702789106369017], "eval_test": [0.9828298287146907, 0.5258783990241248, 0.19984503632614528]}