{"eval_train": [0.9647403390884399, 0.5379, 0.19669132179021837], "eval_test": [0.9804400842269189, 0.5275282615556143, 0.19929005324822335]}