{"eval_train": [0.960075775051117, 0.54265, 0.19548798495531083], "eval_test": [0.9791495780204729, 0.5294836541453961, 0.1986128505748454]}