{"eval_train": [0.9467245576858521, 0.54965, 0.19198294709324837], "eval_test": [0.9756022612508779, 0.5309501986127726, 0.19768909949375663]}