{"eval_train": [0.9524891321659088, 0.544325, 0.19340168204903602], "eval_test": [0.9731374903370618, 0.5318667889005577, 0.1967742038181059]}