{"eval_train": [0.9423124841213226, 0.55035, 0.1910069868683815], "eval_test": [0.9773600561481129, 0.5315612588058435, 0.1979893688484685]}