{"eval_train": [0.9474605121135712, 0.54985, 0.1915932182133198], "eval_test": [0.9667146231288252, 0.5375496486622443, 0.1948815200057847]}