{"eval_train": [0.9624455703735352, 0.54315, 0.19533396388292312], "eval_test": [0.9810659890432734, 0.530827986558497, 0.1980524165975257]}