{"eval_train": [0.9426626866817475, 0.551075, 0.1906421844780445], "eval_test": [0.9728891910124072, 0.5324778490899864, 0.19678576395867106]}