{"eval_train": [0.9423007939815521, 0.5535, 0.19025523807406425], "eval_test": [0.9662603338122404, 0.5363886342822978, 0.19475293866527435]}