{"eval_train": [0.9486360499382019, 0.548975, 0.19192009796500206], "eval_test": [0.9654438103953524, 0.5379162847759015, 0.1946178303093055]}