{"eval_train": [0.9322090216636658, 0.556825, 0.1879549053132534], "eval_test": [0.9688500033290314, 0.5358386801118119, 0.19538201689902263]}