{"eval_train": [0.9487023883342743, 0.548925, 0.19189626871347426], "eval_test": [0.9671698568211832, 0.5368163764312877, 0.19546233783557151]}