{"eval_train": [1.052442517566681, 0.4636, 0.22631909980773926], "eval_test": [1.058022823065674, 0.4567063855844428, 0.22583009870071277]}