{"eval_train": [0.9363926679134369, 0.555225, 0.1885395511329174], "eval_test": [0.9631421734497811, 0.5374885426232693, 0.19384769589264314]}