{"eval_train": [0.9487971435546875, 0.54915, 0.19177435686588287], "eval_test": [0.9648756976343242, 0.5355331500207398, 0.19454258388967424]}