{"eval_train": [0.9349708005905152, 0.5567, 0.188248870074749], "eval_test": [0.9604441324906213, 0.5411549037598413, 0.193166526883449]}