{"eval_train": [0.9348221688747406, 0.55645, 0.1880877687215805], "eval_test": [0.9620914054616234, 0.5421326000629271, 0.19337499920122855]}