{"eval_train": [0.9321450689315796, 0.559275, 0.18740722483992578], "eval_test": [0.9567576724420146, 0.5440268866537982, 0.19205439721376133]}