{"eval_train": [0.9394046492099762, 0.554625, 0.1890081242978573], "eval_test": [0.9613949535528964, 0.5388328750400123, 0.19345488272017744]}