{"eval_train": [0.925025839138031, 0.562275, 0.18529446305036545], "eval_test": [0.9525244674768573, 0.5473266116730707, 0.19053575314952442]}