{"eval_train": [0.9552844555854797, 0.544175, 0.19363444806337357], "eval_test": [0.9708744235407348, 0.5355331500207398, 0.1959502782855892]}