{"eval_train": [0.9278971387386322, 0.56035, 0.18574462228417396], "eval_test": [0.9539524234036878, 0.549587534377599, 0.1908194149784309]}