{"eval_train": [0.927621801328659, 0.561275, 0.18587352786660194], "eval_test": [0.948078884486208, 0.5470210815783564, 0.1895966588385492]}