{"eval_train": [0.9156264982223511, 0.5671, 0.18228232761025429], "eval_test": [0.9509536497278969, 0.5466544454683414, 0.18990438314814323]}