{"eval_train": [0.9367756735801697, 0.55765, 0.1884501385509968], "eval_test": [0.9542136405427049, 0.5467155514909264, 0.19108599110222213]}