{"eval_train": [0.9170815895557404, 0.569775, 0.18269180923700332], "eval_test": [0.9481842825218256, 0.5476321417878172, 0.18921689481098572]}