{"eval_train": [0.907319271993637, 0.573325, 0.17951446137428284], "eval_test": [0.9400739080600697, 0.5521539871695571, 0.18653803510273265]}