{"eval_train": [0.9153178522586822, 0.571025, 0.18210822486281394], "eval_test": [0.9363770724763355, 0.5561869844197863, 0.18583850570949545]}