{"eval_train": [0.9047293546676636, 0.574225, 0.17938583806753158], "eval_test": [0.9433746507471575, 0.5509929728296747, 0.18777131215716733]}