{"eval_train": [0.9044832451820374, 0.574125, 0.17916051269173622], "eval_test": [0.9390075189565396, 0.5526428353283844, 0.18672714008583485]}