{"eval_train": [0.9049692733764648, 0.573825, 0.17909934793114662], "eval_test": [0.9310349775023538, 0.559120073332686, 0.18403266448876998]}