{"eval_train": [0.8911744328975677, 0.582, 0.17545273197889327], "eval_test": [0.9327984711645285, 0.557775740932333, 0.18471841132225628]}