{"eval_train": [0.887087871170044, 0.585575, 0.17406413217186928], "eval_test": [0.9224974772050918, 0.5560647723855427, 0.1816494375121291]}