{"eval_train": [0.8895594104290009, 0.582175, 0.17491941956877707], "eval_test": [0.9295365720286196, 0.5605866177873148, 0.1837028116461264]}