{"eval_train": [0.9043932283878326, 0.575025, 0.17826219227910042], "eval_test": [0.9270162366305583, 0.5591811793516289, 0.18311835311619543]}