{"eval_train": [0.889777731180191, 0.58265, 0.1749802339196205], "eval_test": [0.917546704607275, 0.5665139016411627, 0.1803453282946809]}