{"eval_train": [1.047918544960022, 0.468475, 0.22469552702903747], "eval_test": [1.0532654283172742, 0.4642224259180575, 0.2241158184011231]}