{"eval_train": [1.0445283351898194, 0.471825, 0.2236638286113739], "eval_test": [1.051457315863654, 0.46733883287594874, 0.22337055844048495]}