{"eval_train": [1.0454102066993713, 0.473325, 0.2235589726448059], "eval_test": [1.050742856523075, 0.4680721051114581, 0.22319173191870675]}