{"eval_train": [0.8866816947937012, 0.584225, 0.17393591005802156], "eval_test": [0.9222519251792539, 0.5619920562393906, 0.18133098920787324]}