{"eval_train": [0.8948580819606781, 0.58095, 0.1756738819539547], "eval_test": [0.915397131359253, 0.5642529789202446, 0.17952825269165879]}