{"eval_train": [0.8897725359916687, 0.582125, 0.17442403019070626], "eval_test": [0.908303330919264, 0.5706080048903026, 0.17770834163154553]}