{"eval_train": [0.862141205406189, 0.60185, 0.16749532817602159], "eval_test": [0.9181310525262462, 0.5641918729013017, 0.18001774181439684]}