{"eval_train": [0.8721182935237884, 0.5909, 0.16992384105324745], "eval_test": [0.9077591056638706, 0.5728078215922779, 0.1768523594927358]}