{"eval_train": [0.8880349999427796, 0.58485, 0.17342420564889907], "eval_test": [0.9090523188171713, 0.5704857928524169, 0.17788770168682796]}