{"eval_train": [0.8788748660087585, 0.590325, 0.1710121915102005], "eval_test": [0.9052395437421545, 0.5728689275911887, 0.17677411499953655]}