{"eval_train": [0.8739375066757202, 0.592025, 0.17034461432099343], "eval_test": [0.8983251229470344, 0.5770852428982464, 0.17482482651905878]}