{"eval_train": [0.8721466495037079, 0.5919, 0.169553903234005], "eval_test": [0.9092661285669914, 0.5744576840837031, 0.17755909655715507]}