{"eval_train": [0.8727082289218903, 0.59325, 0.16959024144411086], "eval_test": [0.9022384810622519, 0.5741521539889889, 0.1753302123398727]}