{"eval_train": [0.8506353803634643, 0.60415, 0.16433411676287651], "eval_test": [0.8949711196727793, 0.5765963947467034, 0.1735873587154082]}