{"eval_train": [0.8752446166038513, 0.591275, 0.1699428234040737], "eval_test": [0.9017930889690537, 0.5738466239143066, 0.17577996253967285]}