{"eval_train": [0.8690561612606048, 0.59465, 0.16810822045207024], "eval_test": [0.8964298188085408, 0.576840818842507, 0.17417523164360157]}