{"eval_train": [0.8536743230342865, 0.60295, 0.16445716854333878], "eval_test": [0.8940544619059074, 0.5758020165004463, 0.17329319839152654]}