{"eval_train": [0.8547186578750611, 0.60045, 0.16443980989456178], "eval_test": [0.8923559225956817, 0.5784906813539644, 0.17235095396323777]}