{"eval_train": [0.8421415340423584, 0.61265, 0.16141110161542893], "eval_test": [0.8886456057561344, 0.580018331827536, 0.17169616291492384]}