{"eval_train": [0.8474983731746674, 0.6072, 0.16258359643816947], "eval_test": [0.8887176451208101, 0.5754964864148374, 0.1714874066473911]}