{"eval_train": [0.8586712407588959, 0.601725, 0.16574488160610198], "eval_test": [0.8864041966799017, 0.580507179979079, 0.17133729649708243]}