{"eval_train": [0.8639709827423095, 0.596675, 0.1668079519212246], "eval_test": [0.8930449089871391, 0.5784295753350216, 0.17293771523202628]}