{"eval_train": [0.8269042709589004, 0.61865, 0.15789947302937507], "eval_test": [0.8825775535981516, 0.5834402688883366, 0.16988997634419453]}