{"eval_train": [0.8374167990207673, 0.61175, 0.1599234593987465], "eval_test": [0.8702511755144636, 0.5853345554719233, 0.1666789785469121]}