{"eval_train": [0.846566226053238, 0.60475, 0.16181393268108368], "eval_test": [0.8778894680303206, 0.5867399939112513, 0.16830253031706904]}