{"eval_train": [0.8242784312486648, 0.618225, 0.1564357754945755], "eval_test": [0.8680827014532942, 0.5922395355960771, 0.16563198179908023]}