{"eval_train": [0.8433617987155915, 0.604475, 0.1610704002559185], "eval_test": [0.8697811790318289, 0.5879010082711658, 0.16635672595571604]}