{"eval_train": [1.0404662783145904, 0.478025, 0.22211148393154145], "eval_test": [1.0471361372400196, 0.47247173847079166, 0.22162324510653594]}