{"eval_train": [1.0347179809093476, 0.4811, 0.22028351954221725], "eval_test": [1.0416060516530499, 0.4780934922180881, 0.21990376902289469]}