{"eval_train": [1.0407731739997863, 0.4767, 0.22225863285064698], "eval_test": [1.0466024279412312, 0.4736327528270639, 0.22169907454081425]}