{"eval_train": [0.8166572388648987, 0.617675, 0.15471719281077384], "eval_test": [0.8662519830612826, 0.5936449740317631, 0.16488385970644218]}