{"eval_train": [0.8171394328355789, 0.625175, 0.15517382128834725], "eval_test": [0.8587775089818697, 0.5939505041355829, 0.1637281904827372]}