{"eval_train": [0.8281596344947815, 0.615625, 0.1566594273686409], "eval_test": [0.8549888030928353, 0.5980446074120394, 0.16238546508042556]}