{"eval_train": [0.8197316092014313, 0.621575, 0.15505949439406394], "eval_test": [0.862721314311501, 0.5949282004295632, 0.16430429715630188]}