{"eval_train": [0.8028964965105057, 0.6331, 0.1508263743519783], "eval_test": [0.8563736459875996, 0.5976168652830814, 0.16267989213919007]}