{"eval_train": [0.827425505566597, 0.6161, 0.15649245272278786], "eval_test": [0.8536129377393085, 0.5966391689799956, 0.1617152618343882]}