{"eval_train": [0.8014808089971542, 0.6316, 0.15060658426880835], "eval_test": [0.8429808166097728, 0.6028719829085257, 0.15938344333665727]}