{"eval_train": [0.8225918377161026, 0.6181, 0.15523045490980147], "eval_test": [0.847480162137734, 0.5999388940029103, 0.16033103371883]}