{"eval_train": [0.8067056130886078, 0.6252, 0.1519914899945259], "eval_test": [0.8377433748919775, 0.6081882065601972, 0.15797759784659296]}