{"eval_train": [0.7900869097232819, 0.63355, 0.14764728822708129], "eval_test": [0.8447665038037439, 0.6009776963212968, 0.15950701533746472]}