{"eval_train": [0.7857585765361786, 0.638, 0.14696986361145972], "eval_test": [0.8111177337814317, 0.6276810266029714, 0.15138888283767288]}