{"eval_train": [0.8100815244197845, 0.624725, 0.15166020064353944], "eval_test": [0.8340368149734366, 0.6066605560866256, 0.15676514993575674]}