{"eval_train": [0.781796755695343, 0.64075, 0.1459493640065193], "eval_test": [0.8104460268329489, 0.6243201955574716, 0.1509182564124324]}