{"eval_train": [0.8143818986654282, 0.6223, 0.15290211328268052], "eval_test": [0.8435543026612361, 0.6027497708742822, 0.15863573949179663]}