{"eval_train": [0.7885640679121018, 0.6376, 0.14747615712285042], "eval_test": [0.8065037473458017, 0.6270699664135428, 0.150393066115238]}