{"eval_train": [0.8221404312133789, 0.620675, 0.1553080215215683], "eval_test": [0.8501704230171586, 0.5994500458313353, 0.16091294201313447]}