{"eval_train": [0.8092694254875183, 0.621225, 0.15176355119347573], "eval_test": [0.8275014408312913, 0.610937977408984, 0.15455805433022296]}