{"eval_train": [0.8025473499536514, 0.627125, 0.1504359610080719], "eval_test": [0.8360704887834777, 0.6071494042381685, 0.1570769063083542]}