{"eval_train": [0.8003944958925248, 0.62585, 0.1497790165901184], "eval_test": [0.8173976744310302, 0.6149709746628553, 0.15255784756668184]}