{"eval_train": [0.7966740261793137, 0.63265, 0.14914147456288337], "eval_test": [0.8239108303654569, 0.6115490375984126, 0.1542333144962041]}