{"eval_train": [0.7906871243476867, 0.6367, 0.1478598353922367], "eval_test": [0.8083683188741738, 0.6254812099173861, 0.1506807118526774]}