{"eval_train": [0.7898437573194503, 0.641775, 0.14737143969535826], "eval_test": [0.8365037949122386, 0.6067827681245114, 0.1572459200954277]}