{"eval_train": [0.7798900524616241, 0.641175, 0.14432898266911506], "eval_test": [0.8262311886510024, 0.6091047968443403, 0.1545472542280966]}