{"eval_train": [0.7911546360731125, 0.633675, 0.1468606822013855], "eval_test": [0.8220906714179484, 0.6147876566023845, 0.1535211099731132]}