{"eval_train": [0.8098739674329758, 0.624775, 0.15240794034004213], "eval_test": [0.841912718155025, 0.6070271922002828, 0.1585801275942692]}