{"eval_train": [0.8030134567260743, 0.627925, 0.149584583568573], "eval_test": [0.827096393437623, 0.6108768713936833, 0.1548507353698956]}