{"eval_train": [0.7767200152397156, 0.64915, 0.14335629470944405], "eval_test": [0.8134071268694429, 0.6223036969359993, 0.15116075389599384]}