{"eval_train": [0.7706664943218231, 0.642475, 0.14141915730535984], "eval_test": [0.8123144764037734, 0.6146043385491982, 0.15070223604052066]}