{"eval_train": [0.7859353643417358, 0.637775, 0.14517435598373413], "eval_test": [0.8149856034310047, 0.6190650779119953, 0.15142376161736157]}