{"eval_train": [0.7542048829078675, 0.66015, 0.13821715456843375], "eval_test": [0.8111182259012718, 0.6232813932390852, 0.1506067610409804]}