{"eval_train": [1.0303977039337158, 0.487625, 0.2187681009054184], "eval_test": [1.038743066561903, 0.48096547510476056, 0.2187545756826771]}