{"eval_train": [1.0274158255577088, 0.48775, 0.21782325837612151], "eval_test": [1.036808048859307, 0.4819431714078464, 0.21795188874925928]}