{"eval_train": [0.7801275783061982, 0.640325, 0.14383168069124222], "eval_test": [0.8039883326762974, 0.621448212650767, 0.14856621467608253]}