{"eval_train": [0.7428223566055298, 0.6575, 0.13509510749578477], "eval_test": [0.7886597484869219, 0.6257867399957106, 0.14479504937503523]}