{"eval_train": [0.7369376431941986, 0.66955, 0.1342576605439186], "eval_test": [0.7861433121868859, 0.6380690498232586, 0.14405263018214737]}