{"eval_train": [0.7564268283605575, 0.655, 0.13821781790256502], "eval_test": [0.7858443968346314, 0.6343415826641017, 0.1443051948182779]}