{"eval_train": [0.7639993048429489, 0.647025, 0.1396635135412216], "eval_test": [0.7886483856308107, 0.6304307974554004, 0.14469829570107093]}