{"eval_train": [0.7337707901954651, 0.662475, 0.13272859081327915], "eval_test": [0.771956996374308, 0.6339138405351438, 0.14046536483624059]}