{"eval_train": [0.7292949627161026, 0.67545, 0.1315011858254671], "eval_test": [0.7637552912359823, 0.6537732966879329, 0.1382584041187678]}