{"eval_train": [0.7413826202630996, 0.669375, 0.13408219061493873], "eval_test": [0.7765913615123307, 0.6508402077786755, 0.14096813394667868]}