{"eval_train": [0.7409595749139786, 0.66635, 0.13408632302880288], "eval_test": [0.7808644212206459, 0.6342193706298581, 0.142651512298313]}