{"eval_train": [0.7376804660081864, 0.66715, 0.13300101546049117], "eval_test": [0.7630414301745213, 0.6481515429488315, 0.1378816888833534]}