{"eval_train": [0.7508583518981934, 0.652725, 0.13620311689376832], "eval_test": [0.7810946643115766, 0.6333027803457151, 0.1427300638446668]}