{"eval_train": [0.7422613036870956, 0.66265, 0.13408907378911972], "eval_test": [0.7739161443207703, 0.6424686831798606, 0.14076299387455132]}