{"eval_train": [0.7772951445817947, 0.6541, 0.14233530902862548], "eval_test": [0.7901487896903516, 0.6476626947936464, 0.1444930806196031]}