{"eval_train": [0.716718041062355, 0.673825, 0.1285623199224472], "eval_test": [0.7621554123710647, 0.6455850901459468, 0.13817937239171385]}