{"eval_train": [0.6788194140195847, 0.70215, 0.12045108201503754], "eval_test": [0.7437063140822521, 0.6689275893894059, 0.13320021114872385]}