{"eval_train": [0.7300967109680175, 0.667275, 0.13118709813952445], "eval_test": [0.7669874646340966, 0.645646196172174, 0.1389059541770307]}