{"eval_train": [0.7200019614696502, 0.672975, 0.12854343866407872], "eval_test": [0.7467130028287314, 0.6570119156882627, 0.13386821762214476]}