{"eval_train": [0.6952487255811691, 0.695025, 0.12348624603748322], "eval_test": [0.7495720838575308, 0.6646501680561209, 0.13460834657439316]}