{"eval_train": [0.7140357355117798, 0.680525, 0.12719171400368215], "eval_test": [0.7393921053995971, 0.6615337610936769, 0.13216041201686335]}