{"eval_train": [0.7193700745582581, 0.67435, 0.12835600215792656], "eval_test": [0.7452194517335504, 0.6581118240292343, 0.13363240761855966]}