{"eval_train": [0.69100957634449, 0.695525, 0.12240545074641705], "eval_test": [0.7409530214749088, 0.6601894286732917, 0.1326955127854468]}