{"eval_train": [0.7219411214351654, 0.673425, 0.1291278629720211], "eval_test": [0.7463632382204363, 0.6581729300554615, 0.13414896258312084]}