{"eval_train": [0.727018357539177, 0.66225, 0.13172545246481895], "eval_test": [0.7512724822644898, 0.6481515429415471, 0.13591683481561273]}