{"eval_train": [0.6983833515405655, 0.683075, 0.12385865305364131], "eval_test": [0.741462428767201, 0.6560953254114041, 0.13300946037265965]}