{"eval_train": [0.6786029637336731, 0.699825, 0.11982814060747624], "eval_test": [0.7251298057716118, 0.6735105408101209, 0.12911186552251694]}