{"eval_train": [0.676501000905037, 0.701425, 0.11916939421892166], "eval_test": [0.7108886469113437, 0.6793767186249938, 0.12582854526581255]}