{"eval_train": [1.0243061747074127, 0.4946, 0.2165643617987633], "eval_test": [1.0343430401242328, 0.4851206843965177, 0.21732657637084038]}