{"eval_train": [1.0373989874362946, 0.4837, 0.22030683587789535], "eval_test": [1.0427484966657448, 0.4790100824985889, 0.21938089401012453]}