{"eval_train": [1.0180450273513795, 0.49745, 0.21482706577777863], "eval_test": [1.0350060058885708, 0.4871982890369329, 0.21688363722730694]}