{"eval_train": [0.6991722975730896, 0.686175, 0.12346567594110966], "eval_test": [0.7269509922609466, 0.6703941338367503, 0.12883233158205248]}