{"eval_train": [0.714319271183014, 0.685225, 0.12690334225296973], "eval_test": [0.7310314187280927, 0.6732050106990166, 0.1297577537175096]}