{"eval_train": [0.6740383457660675, 0.70175, 0.11784609326124192], "eval_test": [0.7269546451460794, 0.6689886954083488, 0.12924728551262057]}