{"eval_train": [0.6527338872909546, 0.716025, 0.11357009149491787], "eval_test": [0.6918920783176358, 0.698869538667768, 0.1210467033600392]}