{"eval_train": [0.6464040921926498, 0.7223, 0.11165540599524974], "eval_test": [0.7105856111790476, 0.6893981057152339, 0.1247474002302731]}