{"eval_train": [0.6468483236551285, 0.71895, 0.11174886362552643], "eval_test": [0.6951083057122678, 0.6933699969501623, 0.12153885318913883]}