{"eval_train": [0.66232169277668, 0.7098, 0.11533594337105751], "eval_test": [0.6876527410488845, 0.6949587534554246, 0.12024484515062647]}