{"eval_train": [0.679490063548088, 0.694125, 0.11805492184758186], "eval_test": [0.7022146628531629, 0.6819431714042042, 0.1226162347140168]}