{"eval_train": [0.6435232274770737, 0.709625, 0.11048419261872769], "eval_test": [0.6743851520801735, 0.6868316529232757, 0.11672843015416114]}