{"eval_train": [0.6074780959367752, 0.7428, 0.10369910787343979], "eval_test": [0.6733389617505876, 0.714268255437728, 0.116337879370412]}