{"eval_train": [0.599888450050354, 0.745625, 0.10158639447987079], "eval_test": [0.6777809327361856, 0.7019248396112691, 0.11725886806668108]}