{"eval_train": [0.6398551547765732, 0.720075, 0.10956687569618224], "eval_test": [0.6730312421057445, 0.7074243813124849, 0.11618330272701659]}