{"eval_train": [0.648038664507866, 0.716975, 0.11076963679492474], "eval_test": [0.6703055870849861, 0.7043079743573253, 0.11505982241807565]}