{"eval_train": [0.5998089109897613, 0.748175, 0.10127343227565289], "eval_test": [0.6546092211344248, 0.7214787656802706, 0.11216605821407573]}