{"eval_train": [0.6314770783662796, 0.738825, 0.10711345129907131], "eval_test": [0.6595393408849047, 0.7264894592299433, 0.11245424037601763]}