{"eval_train": [0.6148618383646012, 0.733575, 0.1045522598683834], "eval_test": [0.6607883352152332, 0.707607699360208, 0.11354299999962442]}