{"eval_train": [0.6202869908094406, 0.7342, 0.10527162530720234], "eval_test": [0.6593012987784279, 0.7179346165615522, 0.11298340246049483]}