{"eval_train": [0.6095583735942841, 0.7503, 0.1030689991146326], "eval_test": [0.6450478768443391, 0.7382829208859165, 0.10990290203354536]}