{"eval_train": [0.6321952176094056, 0.7276, 0.10752367629110814], "eval_test": [0.6635882217294755, 0.7145737855397267, 0.11360200801702075]}