{"eval_train": [1.0323982836723327, 0.4909, 0.21830261744260787], "eval_test": [1.0402825241747378, 0.48389856401037595, 0.21800531321368813]}