{"eval_train": [1.0160973389148713, 0.50035, 0.21370556738376617], "eval_test": [1.0300541228123334, 0.4920256645334193, 0.2152495858248971]}