{"eval_train": [1.009888930273056, 0.506, 0.21213338319063188], "eval_test": [1.0291383268634295, 0.49129239230610494, 0.21535811354598247]}