{"eval_train": [0.6087806239843369, 0.732075, 0.1030826398551464], "eval_test": [0.6478952562921899, 0.7096241980017124, 0.11074739152271376]}