{"eval_train": [0.6121224740505219, 0.7421, 0.1021955686122179], "eval_test": [0.6378428647906417, 0.730766880555944, 0.10712443340764365]}