{"eval_train": [0.5842214498996735, 0.760725, 0.0974322980105877], "eval_test": [0.6275021285155553, 0.7412160097787841, 0.10588191413493321]}