{"eval_train": [0.5895534623384475, 0.751175, 0.09877060523629189], "eval_test": [0.6177069324766719, 0.7378551787569586, 0.10419988105812825]}