{"eval_train": [0.5539278551459312, 0.7744, 0.09177605630755424], "eval_test": [0.5918212850269395, 0.7554537121924719, 0.09863346943314782]}