{"eval_train": [0.5559781870603562, 0.780425, 0.0902637110710144], "eval_test": [0.5868600769142037, 0.7670027497726736, 0.09609833935550546]}