{"eval_train": [0.596480014514923, 0.749475, 0.09848592655360698], "eval_test": [0.6140094584184723, 0.7378551787569586, 0.10171278880216497]}