{"eval_train": [0.5527888336420059, 0.772275, 0.09079304279237986], "eval_test": [0.5945160116364094, 0.7497097464154847, 0.09877591864836169]}