{"eval_train": [0.5058141367197037, 0.797475, 0.08142650740295648], "eval_test": [0.5855895168148265, 0.7619309502204478, 0.09649370627559145]}