{"eval_train": [0.5932046597957611, 0.750175, 0.09680333463400602], "eval_test": [0.6114880012875844, 0.7351665139070827, 0.10073104717299511]}