{"eval_train": [0.5859931839346886, 0.74475, 0.09681560642272234], "eval_test": [0.6119042249473271, 0.7268560953436005, 0.10182567287795302]}