{"eval_train": [0.5052295170783997, 0.806925, 0.08074632664471865], "eval_test": [0.5344625273903247, 0.79303391385144, 0.08632668992575614]}