{"eval_train": [0.46840251286029816, 0.8267, 0.07320252401530743], "eval_test": [0.506678295117287, 0.8169874732806855, 0.07988254531985789]}