{"eval_train": [0.47141715252399446, 0.820075, 0.0739914347872138], "eval_test": [0.5321299782157709, 0.7911396272714954, 0.08548428883819889]}