{"eval_train": [0.4918253570795059, 0.82, 0.0768328285202384], "eval_test": [0.5247609262797143, 0.8069049801623971, 0.08284654255092526]}