{"eval_train": [0.49912664700746534, 0.8032, 0.07968680544942618], "eval_test": [0.5383946699211803, 0.7836846929604658, 0.08721155775747931]}