{"eval_train": [0.45809774959087374, 0.829275, 0.07112577903494238], "eval_test": [0.5153658522329962, 0.8030553009653543, 0.08177505912417998]}