{"eval_train": [1.0142221755981444, 0.502725, 0.21321069691181183], "eval_test": [1.025518852878411, 0.4932477849122766, 0.21428485216713447]}