{"eval_train": [0.4219639165520668, 0.844575, 0.06477987290471793], "eval_test": [0.4913850479121606, 0.8203483043225431, 0.07686892305078254]}