{"eval_train": [0.47906976487636566, 0.823325, 0.07408979472219944], "eval_test": [0.5035893952959435, 0.8095936449849566, 0.07879035767341949]}