{"eval_train": [0.47599702696800233, 0.82555, 0.07460179563909769], "eval_test": [0.5096730352322187, 0.8155820348377152, 0.08013888261176524]}