{"eval_train": [0.38723507568836213, 0.860675, 0.05816829388290644], "eval_test": [0.44146808744970173, 0.849434769335705, 0.0669561719520173]}