{"eval_train": [0.4328131367921829, 0.8468, 0.06574954827800393], "eval_test": [0.46170962808185345, 0.8412465627937189, 0.07057991681015531]}