{"eval_train": [0.449173542034626, 0.838975, 0.06754601898193359], "eval_test": [0.46817154749576884, 0.8335472044069178, 0.07090603691783842]}