{"eval_train": [0.40062259892225266, 0.857, 0.06017569558024406], "eval_test": [0.4418473507408844, 0.8445462878129915, 0.06732948685626608]}