{"eval_train": [0.3161520394027233, 0.891775, 0.04560382174290717], "eval_test": [0.4029533637105381, 0.862755881468892, 0.05936500841311785]}