{"eval_train": [0.37841789259910585, 0.8657, 0.05668256514146924], "eval_test": [0.417616189684374, 0.8514512679644619, 0.06326899564379113]}