{"eval_train": [0.32838717230558395, 0.894575, 0.046699211954325436], "eval_test": [0.36554070812024875, 0.8865261228376669, 0.05172519296216484]}