{"eval_train": [0.2929330959677696, 0.9066, 0.04083863887544721], "eval_test": [0.32348537557248197, 0.904613504441113, 0.04457747166196105]}