{"eval_train": [0.3444408978223801, 0.8807, 0.05031916581913829], "eval_test": [0.3805004863501542, 0.865505652321321, 0.05646762720241191]}