{"eval_train": [0.2751108013212681, 0.92115, 0.036790120443329216], "eval_test": [0.2948442712931541, 0.9181790406464292, 0.03929867338886547]}