{"eval_train": [0.2433572835445404, 0.924125, 0.032823700135573744], "eval_test": [0.3052937447095988, 0.908707607710285, 0.041558906182833415]}