{"eval_train": [0.25775364593863487, 0.916825, 0.03579581977687776], "eval_test": [0.3073598566785195, 0.9038802322137985, 0.04252816881293592]}