{"eval_train": [0.2737307918548584, 0.9211, 0.03675565485879779], "eval_test": [0.29001301208330593, 0.9188512068584429, 0.03892138231121142]}