{"eval_train": [0.22491927890181543, 0.935125, 0.02952223856728524], "eval_test": [0.2437007775264452, 0.9341888176058178, 0.031278371790425696]}