{"eval_train": [0.9973624786853791, 0.5168, 0.2079291293501854], "eval_test": [1.014249274849418, 0.5024747937890393, 0.21047564498918558]}