{"eval_train": [0.99987236661911, 0.513275, 0.20888879321813583], "eval_test": [1.021803108384913, 0.4972196761399207, 0.21263113795636518]}