{"eval_train": [0.21339205914735795, 0.939775, 0.02793687330922112], "eval_test": [0.22648597373315546, 0.9379773907839177, 0.029229128668969682]}