{"eval_train": [0.2035912516862154, 0.94105, 0.02640193500071764], "eval_test": [0.2507044911821647, 0.9260617170900589, 0.033348082728954835]}