{"eval_train": [0.23582789408564567, 0.93775, 0.03031755425222218], "eval_test": [0.2535615965273269, 0.9325389550943605, 0.03272379158907551]}