{"eval_train": [0.15202140084654092, 0.958875, 0.01848201677701436], "eval_test": [0.15947073398472664, 0.9579590589745927, 0.019090323692618472]}