{"eval_train": [0.21572477176189422, 0.938725, 0.028017379739694297], "eval_test": [0.23530298471450806, 0.9322334249996461, 0.030983907496058682]}