{"eval_train": [0.16766244802772998, 0.9532, 0.02095846150415018], "eval_test": [0.21376267112142772, 0.9374885426287326, 0.02769410910134355]}