{"eval_train": [0.20046797598600388, 0.94075, 0.026201177816838027], "eval_test": [0.23295858678488493, 0.9315612587949168, 0.030617125621682964]}