{"eval_train": [0.11694752119183541, 0.97145, 0.01319557136874646], "eval_test": [0.12385837233489054, 0.9679804460739383, 0.014365999977278793]}