{"eval_train": [0.08406921686977148, 0.98115, 0.008761962330900132], "eval_test": [0.11448911927706452, 0.971402383138381, 0.013314347227951674]}