{"eval_train": [0.08318800434172154, 0.982125, 0.008818997225770727], "eval_test": [0.1049882346529171, 0.973602199816682, 0.01216204372899629]}