{"eval_train": [0.030452769539505244, 0.994575, 0.0025992210094111213], "eval_test": [0.03703486900600206, 0.9927894897647418, 0.0033511575519675238]}