{"eval_train": [0.01846677023768425, 0.9961, 0.0015747624481628009], "eval_test": [0.04401835073724621, 0.9929728078215704, 0.003283574278495214]}