{"eval_train": [0.00964179425407201, 0.998, 0.0008015788902110216], "eval_test": [0.016825711360304245, 0.9962114268255423, 0.0016332993037859107]}