{"eval_train": [0.996599950504303, 0.5183, 0.20712300418615343], "eval_test": [1.013312238281814, 0.5052856706604111, 0.2098789897873392]}