,acc_train,rps_train,acc_test,rps_test
0,0.50295,0.2139069023980035,0.4941643751909563,0.2147877527253709
