,acc_train,rps_train,acc_test,rps_test
0,0.513925,0.20893400261402562,0.5054078826764437,0.21090788338330674
