,acc_train,rps_train,acc_test,rps_test
0,0.522075,0.20537429760665973,0.5110296364191873,0.2089251844087311
