,acc_train,rps_train,acc_test,rps_test
0,0.522475,0.20567314439097964,0.5141460433852735,0.2078609246493974
