,acc_train,rps_train,acc_test,rps_test
0,0.527375,0.20413495051525354,0.5154292697830737,0.20682160075636544
