,acc_train,rps_train,acc_test,rps_test
0,0.531025,0.20226793075918129,0.513412771157959,0.20647102007801507
