,acc_train,rps_train,acc_test,rps_test
0,0.466475,0.22468228216508518,0.4612893369996945,0.2242850063030974
