,acc_train,rps_train,acc_test,rps_test
0,0.531575,0.2022902300844028,0.5172013443324167,0.20528515135397096
