,acc_train,rps_train,acc_test,rps_test
0,0.5354,0.20083332651695418,0.5175679804460739,0.2048236586074698
