,acc_train,rps_train,acc_test,rps_test
0,0.54435,0.19694228515625,0.520745493431103,0.20230460395661473
