,acc_train,rps_train,acc_test,rps_test
0,0.547,0.1970294317061144,0.5263061411549037,0.20140264125845456
