,acc_train,rps_train,acc_test,rps_test
0,0.5527,0.19416217698819338,0.5269172013443324,0.19935375178228723
