,acc_train,rps_train,acc_test,rps_test
0,0.557925,0.19067930603613995,0.5304002444240757,0.19862116770289648
