,acc_train,rps_train,acc_test,rps_test
0,0.566525,0.18777958024691357,0.5324167430491904,0.19704334378170818
