,acc_train,rps_train,acc_test,rps_test
0,0.570525,0.18583423052894624,0.5455545371219065,0.19307435426704397
