,acc_train,rps_train,acc_test,rps_test
0,0.568725,0.18703954711514234,0.5457378551787351,0.19286429036767302
