,acc_train,rps_train,acc_test,rps_test
0,0.5806,0.18264707274202271,0.5451879010082493,0.19176413803747228
