,acc_train,rps_train,acc_test,rps_test
0,0.58225,0.18169153911564626,0.5505652306752216,0.1901606838885875
