,acc_train,rps_train,acc_test,rps_test
0,0.589525,0.17863631632653063,0.5531927894897647,0.18911709284997225
