,acc_train,rps_train,acc_test,rps_test
0,0.59,0.17768853305785123,0.5541704857928506,0.1873159279375428
