,acc_train,rps_train,acc_test,rps_test
0,0.47745,0.22209389652806172,0.4714329361442102,0.22149383800969255
