,acc_train,rps_train,acc_test,rps_test
0,0.58795,0.17791839846603358,0.5550259700580508,0.18675883007639146
