,acc_train,rps_train,acc_test,rps_test
0,0.5959,0.17532600156087408,0.5559425603421937,0.18611294185422114
