,acc_train,rps_train,acc_test,rps_test
0,0.596675,0.17431209677419351,0.5580201649862512,0.18517228431912092
