,acc_train,rps_train,acc_test,rps_test
0,0.59925,0.17370397153351697,0.5607699358386801,0.18391553790270565
