,acc_train,rps_train,acc_test,rps_test
0,0.609175,0.16916638970051132,0.5778185151237397,0.17825214914421444
