,acc_train,rps_train,acc_test,rps_test
0,0.482775,0.22073582192486438,0.476993583868011,0.22044238625767726
