,acc_train,rps_train,acc_test,rps_test
0,0.615075,0.16701761461937717,0.5811793461655973,0.17654414275550087
