,acc_train,rps_train,acc_test,rps_test
0,0.6226,0.16309349489795918,0.581729300336083,0.17497618891736347
