,acc_train,rps_train,acc_test,rps_test
0,0.63115,0.15942899338374292,0.5792850595783685,0.17356748836357738
