,acc_train,rps_train,acc_test,rps_test
0,0.63495,0.15821505198487712,0.5802016498625114,0.17264061748267462
