,acc_train,rps_train,acc_test,rps_test
0,0.64385,0.15550422967863894,0.5864344637946838,0.1697813409479057
