,acc_train,rps_train,acc_test,rps_test
0,0.640525,0.1555229844674556,0.5930950198594561,0.1673689339169139
