,acc_train,rps_train,acc_test,rps_test
0,0.64275,0.15344524739583335,0.5979835013748854,0.1662793966629324
