,acc_train,rps_train,acc_test,rps_test
0,0.489575,0.21891182661837938,0.47815459822792544,0.21911360949313555
