,acc_train,rps_train,acc_test,rps_test
0,0.6578,0.1488591167355372,0.608615948670944,0.16156519784967416
