,acc_train,rps_train,acc_test,rps_test
0,0.6532,0.15063882334183676,0.6067216620837153,0.1609848591132145
