,acc_train,rps_train,acc_test,rps_test
0,0.659675,0.14647628038194446,0.6117323556370302,0.15905345079268085
