,acc_train,rps_train,acc_test,rps_test
0,0.6687,0.143161,0.6141765963947449,0.15747051634586007
