,acc_train,rps_train,acc_test,rps_test
0,0.6665,0.1436727315689981,0.6196761380996028,0.15630960074898193
