,acc_train,rps_train,acc_test,rps_test
0,0.68075,0.136327,0.6122212037885731,0.1565259191363683
