,acc_train,rps_train,acc_test,rps_test
0,0.6706,0.14113355034722222,0.6246257256339749,0.15266829616050515
