,acc_train,rps_train,acc_test,rps_test
0,0.689975,0.13395443672839508,0.6252367858234036,0.15049903248803342
