,acc_train,rps_train,acc_test,rps_test
0,0.709,0.12434741735537191,0.6255423159181179,0.1502185423941944
