,acc_train,rps_train,acc_test,rps_test
0,0.7084,0.12460535714285716,0.6370913534983196,0.14388924222301203
