,acc_train,rps_train,acc_test,rps_test
0,0.7084,0.1250707175925926,0.6538955087076077,0.13939235344928388
