,acc_train,rps_train,acc_test,rps_test
0,0.494975,0.21713909037419407,0.4880537732966697,0.21667751569819332
