,acc_train,rps_train,acc_test,rps_test
0,0.707025,0.12754789697542532,0.6544454628780935,0.13864811307732336
