,acc_train,rps_train,acc_test,rps_test
0,0.72645,0.11798207908163265,0.6567063855789795,0.13664880250908795
