,acc_train,rps_train,acc_test,rps_test
0,0.727375,0.11586572222222223,0.6617781851512374,0.13125681501850156
