,acc_train,rps_train,acc_test,rps_test
0,0.745925,0.10707430555555554,0.6776657500763825,0.12608187357843637
