,acc_train,rps_train,acc_test,rps_test
0,0.763025,0.10076022727272728,0.6852428964252979,0.12132246555211307
