,acc_train,rps_train,acc_test,rps_test
0,0.77435,0.09639690082644628,0.7018026275588145,0.11540149431991778
