,acc_train,rps_train,acc_test,rps_test
0,0.78095,0.09189475308641976,0.6951420714940422,0.1154669895478532
