,acc_train,rps_train,acc_test,rps_test
0,0.54572,0.19250748702573667,0.542362696791251,0.1938694202230287
