,acc_train,rps_train,acc_test,rps_test
0,0.55948,0.18527952579022386,0.5613507991827905,0.18349390783996786
