,acc_train,rps_train,acc_test,rps_test
0,0.5622,0.18404475829829672,0.5645956014902055,0.1819536426579552
