,acc_train,rps_train,acc_test,rps_test
0,0.56672,0.18198948426086303,0.5660377358490566,0.18083431169389017
