,acc_train,rps_train,acc_test,rps_test
0,0.5794,0.17758676210377303,0.5768537435404398,0.1760414946921428
