,acc_train,rps_train,acc_test,rps_test
0,0.57844,0.17729530530420154,0.5799783679846172,0.1749603467004819
