,acc_train,rps_train,acc_test,rps_test
0,0.54196,0.19318937764465544,0.5420021632015383,0.1920806432105241
