,acc_train,rps_train,acc_test,rps_test
0,0.58768,0.17164885411101866,0.591515442855426,0.17084226188272705
