,acc_train,rps_train,acc_test,rps_test
0,0.59824,0.16689105951137526,0.5963225573849297,0.16715716787242385
