,acc_train,rps_train,acc_test,rps_test
0,0.60184,0.16574162825987424,0.5983655810599687,0.16621863775423498
