,acc_train,rps_train,acc_test,rps_test
0,0.60376,0.16481197356664387,0.6017305612306213,0.16484433371915458
