,acc_train,rps_train,acc_test,rps_test
0,0.61404,0.16037086415574273,0.6077394543925009,0.1617865010695351
