,acc_train,rps_train,acc_test,rps_test
0,0.62064,0.1571233746808637,0.6174738613147458,0.15811408042499248
