,acc_train,rps_train,acc_test,rps_test
0,0.625,0.15499903025976558,0.6189159956735969,0.15637487322005997
