,acc_train,rps_train,acc_test,rps_test
0,0.62564,0.15457453295534865,0.6222809758442495,0.15508946878845237
