,acc_train,rps_train,acc_test,rps_test
0,0.625,0.1535882831616168,0.6300925369546929,0.151659404673778
