,acc_train,rps_train,acc_test,rps_test
0,0.54616,0.19141347582743162,0.5453671433721908,0.19034938779343563
