,acc_train,rps_train,acc_test,rps_test
0,0.63192,0.15078375542616942,0.6342987621680086,0.15000974057574198
