,acc_train,rps_train,acc_test,rps_test
0,0.6444,0.1456658827541167,0.6411489003725513,0.14720504173579593
