,acc_train,rps_train,acc_test,rps_test
0,0.6532,0.14112796730445357,0.6457156591755798,0.14482660470070166
