,acc_train,rps_train,acc_test,rps_test
0,0.54728,0.1902317745330165,0.5487321235428434,0.18913247600769
