,acc_train,rps_train,acc_test,rps_test
0,0.69956,0.12113840297353254,0.7001562312222088,0.1232142673447379
