,acc_train,rps_train,acc_test,rps_test
0,0.70996,0.116547053364598,0.7084485037856026,0.11986610876283432
