,acc_train,rps_train,acc_test,rps_test
0,0.71932,0.11285402291257732,0.7124143732724432,0.11770106397752726
