,acc_train,rps_train,acc_test,rps_test
0,0.55272,0.18847225106056234,0.5525778151664463,0.18807899194908512
