,acc_train,rps_train,acc_test,rps_test
0,0.73132,0.10820739512558182,0.7231102031005888,0.11257563411117003
