,acc_train,rps_train,acc_test,rps_test
0,0.7414,0.10599059152464352,0.7340463886552097,0.10837759215588473
