,acc_train,rps_train,acc_test,rps_test
0,0.74784,0.10271135688607835,0.7413772383127027,0.10636354618777985
