,acc_train,rps_train,acc_test,rps_test
0,0.75412,0.10061585703754972,0.7454632856627809,0.10474250497034054
