,acc_train,rps_train,acc_test,rps_test
0,0.7734,0.09321963394122086,0.7648119216440332,0.09768227388053129
