,acc_train,rps_train,acc_test,rps_test
0,0.78736,0.08818007412179688,0.7783920201898811,0.09240534821365971
