,acc_train,rps_train,acc_test,rps_test
0,0.82416,0.07530033377881162,0.8142050234346834,0.07754380067561381
