,acc_train,rps_train,acc_test,rps_test
0,0.84004,0.06920297200620157,0.8325922365100349,0.07054068740162936
