,acc_train,rps_train,acc_test,rps_test
0,0.8494,0.06508190974273148,0.8402836197572408,0.06788351050849681
