,acc_train,rps_train,acc_test,rps_test
0,0.55548,0.18746676609495197,0.5564235067900493,0.18602259804579277
