,acc_train,rps_train,acc_test,rps_test
0,0.85684,0.06254024985203499,0.8492969595000601,0.06475545216372916
