,acc_train,rps_train,acc_test,rps_test
0,0.86576,0.059002598870879726,0.8571085206105036,0.061588132995827854
