,acc_train,rps_train,acc_test,rps_test
0,0.87356,0.05589828486336862,0.8660016824900854,0.05822547189543591
