,acc_train,rps_train,acc_test,rps_test
0,0.902,0.04400980245806397,0.8968873933421464,0.04623654147365189
