,acc_train,rps_train,acc_test,rps_test
0,0.95964,0.018949394722946343,0.9566157913712294,0.020698269946211975
