,acc_train,rps_train,acc_test,rps_test
0,0.97156,0.013663894749588672,0.9697151784641269,0.014734933245406789
