,acc_train,rps_train,acc_test,rps_test
0,1.0,1.7534351962323088e-09,1.0,1.7768569238747302e-09
