,acc_train,rps_train,acc_test,rps_test
0,0.45765,0.2285964130618861,0.4565841735410938,0.22801820982229606
