,acc_train,rps_train,acc_test,rps_test
0,0.51385,0.2088522477367409,0.5018637335777574,0.20972006227311354
