,acc_train,rps_train,acc_test,rps_test
0,0.514825,0.20753102279333813,0.5076688053773296,0.20762722064274622
