,acc_train,rps_train,acc_test,rps_test
0,0.52405,0.20430924425582989,0.5175068744271311,0.20503517734785628
