,acc_train,rps_train,acc_test,rps_test
0,0.527975,0.20254663239886975,0.5212954476015887,0.20350950660252168
