,acc_train,rps_train,acc_test,rps_test
0,0.530925,0.19815724934854115,0.5293003360831042,0.19867649568036255
