,acc_train,rps_train,acc_test,rps_test
0,0.5364,0.1966882074099723,0.5303391384051329,0.19722761822787466
