,acc_train,rps_train,acc_test,rps_test
0,0.539525,0.19532120960981555,0.5323556370302475,0.19607922952770243
