,acc_train,rps_train,acc_test,rps_test
0,0.46645,0.22507092412219795,0.4650168041552093,0.22420403713078574
