,acc_train,rps_train,acc_test,rps_test
0,0.54195,0.19389699474177427,0.5393217231897341,0.19474183709099718
