,acc_train,rps_train,acc_test,rps_test
0,0.548125,0.19077171486276365,0.5424381301558203,0.19191785425173466
