,acc_train,rps_train,acc_test,rps_test
0,0.552425,0.18869773093749997,0.5438435685915063,0.1903776802627559
