,acc_train,rps_train,acc_test,rps_test
0,0.55025,0.18738803131893142,0.5424381301558203,0.18909864107732044
