,acc_train,rps_train,acc_test,rps_test
0,0.56065,0.1839474216666667,0.5497097464100213,0.1856399266727773
