,acc_train,rps_train,acc_test,rps_test
0,0.5611,0.1823220153752147,0.5528261533761075,0.1842017165471087
