,acc_train,rps_train,acc_test,rps_test
0,0.568975,0.17957446624025944,0.5622975863122518,0.18102906653489279
