,acc_train,rps_train,acc_test,rps_test
0,0.4749,0.22287010133136095,0.4711274060494959,0.22233557328473777
