,acc_train,rps_train,acc_test,rps_test
0,0.578075,0.17297725638809244,0.5703024747937672,0.1744714056244643
