,acc_train,rps_train,acc_test,rps_test
0,0.59,0.16953451247403672,0.5785517873510541,0.17121698514305456
