,acc_train,rps_train,acc_test,rps_test
0,0.588425,0.16781126058926954,0.5789184234647112,0.16967380946834654
