,acc_train,rps_train,acc_test,rps_test
0,0.598475,0.16418726018738847,0.5884509624197983,0.16575589367734456
