,acc_train,rps_train,acc_test,rps_test
0,0.60295,0.1627057318298028,0.5916284754048273,0.1639442015900509
