,acc_train,rps_train,acc_test,rps_test
0,0.47855,0.2208313230968858,0.47155514818209593,0.21965432917114652
