,acc_train,rps_train,acc_test,rps_test
0,0.603425,0.1610858163265306,0.5971891231286282,0.16234799254257157
