,acc_train,rps_train,acc_test,rps_test
0,0.608775,0.15946290688915268,0.6025664527956004,0.16041967119471642
