,acc_train,rps_train,acc_test,rps_test
0,0.614675,0.1574053182441701,0.6073327222731439,0.15877867760372202
