,acc_train,rps_train,acc_test,rps_test
0,0.614425,0.15636414466500037,0.605010693553315,0.15769722199676997
