,acc_train,rps_train,acc_test,rps_test
0,0.6338,0.14728934461805554,0.6304307974335472,0.14937289948059881
