,acc_train,rps_train,acc_test,rps_test
0,0.642,0.14493814697449825,0.6384967919340055,0.14664192058851602
