,acc_train,rps_train,acc_test,rps_test
0,0.487825,0.2181780470521542,0.4856095325389551,0.21715021095740691
