,acc_train,rps_train,acc_test,rps_test
0,0.6498,0.14119899697098523,0.6479682248701497,0.1426221820823631
