,acc_train,rps_train,acc_test,rps_test
0,0.656725,0.1389468281115738,0.6490681332111213,0.13986974066010213
