,acc_train,rps_train,acc_test,rps_test
0,0.66435,0.13685484619140625,0.6606782768102658,0.13784845237370627
