,acc_train,rps_train,acc_test,rps_test
0,0.6661,0.1349542745187305,0.6659333944393523,0.13554482199613208
