,acc_train,rps_train,acc_test,rps_test
0,0.67345,0.13305038313609469,0.6717384662389245,0.13366415011109362
