,acc_train,rps_train,acc_test,rps_test
0,0.679025,0.13077963067579973,0.6759547815459823,0.1318274805474031
