,acc_train,rps_train,acc_test,rps_test
0,0.68905,0.1265858478002378,0.6892147876565842,0.12688194876612705
