,acc_train,rps_train,acc_test,rps_test
0,0.694325,0.12458105592984307,0.6967919340054995,0.1248175096193567
