,acc_train,rps_train,acc_test,rps_test
0,0.717925,0.11581921731104712,0.7186067827681026,0.11693310529575542
