,acc_train,rps_train,acc_test,rps_test
0,0.725325,0.1131051354627311,0.7246562786434464,0.1147215579667945
