,acc_train,rps_train,acc_test,rps_test
0,0.73285,0.110510496549917,0.7308890925756187,0.11230998871521432
