,acc_train,rps_train,acc_test,rps_test
0,0.73825,0.10840959451795842,0.7364497402994195,0.11043626809717128
