,acc_train,rps_train,acc_test,rps_test
0,0.74425,0.10627839371240812,0.7459211732355637,0.10737233432819486
