,acc_train,rps_train,acc_test,rps_test
0,0.751175,0.10354760077662722,0.7502597005805072,0.10510262941188168
