,acc_train,rps_train,acc_test,rps_test
0,0.77205,0.09567775410353535,0.7696303085853956,0.09775573380950014
