,acc_train,rps_train,acc_test,rps_test
0,0.7802,0.09275560783136783,0.7779407271616254,0.09475105295258773
