,acc_train,rps_train,acc_test,rps_test
0,0.788375,0.0899620909090909,0.7859456156431408,0.0919643363053079
