,acc_train,rps_train,acc_test,rps_test
0,0.79685,0.08662255017301038,0.7938282920867705,0.08867455547485616
