,acc_train,rps_train,acc_test,rps_test
0,0.80495,0.0836305234375,0.8008554842652001,0.08579154572767084
