,acc_train,rps_train,acc_test,rps_test
0,0.813575,0.08046548269896193,0.8090436908035441,0.08360935281536996
