,acc_train,rps_train,acc_test,rps_test
0,0.8211,0.07728740484056304,0.817293003360831,0.08022470505286741
