,acc_train,rps_train,acc_test,rps_test
0,0.837525,0.07082874375597832,0.8356248090436909,0.07351409973166022
