,acc_train,rps_train,acc_test,rps_test
0,0.84535,0.06784582106434932,0.8454628780934922,0.06948062429251263
