,acc_train,rps_train,acc_test,rps_test
0,0.497475,0.21284191208382416,0.49318667888787043,0.21250627554722878
