,acc_train,rps_train,acc_test,rps_test
0,0.854125,0.06448619581534996,0.8546287809349221,0.06590017542323716
