,acc_train,rps_train,acc_test,rps_test
0,0.86255,0.06083021768667296,0.8626336694164375,0.06220720152915214
