,acc_train,rps_train,acc_test,rps_test
0,0.870675,0.05783098222222222,0.8723495264283532,0.058480138506976274
