,acc_train,rps_train,acc_test,rps_test
0,0.880125,0.053957237024221456,0.882432019553926,0.05442350699917644
