,acc_train,rps_train,acc_test,rps_test
0,0.900175,0.04551919363883993,0.9027192178429575,0.04561604457439795
