,acc_train,rps_train,acc_test,rps_test
0,0.92355,0.035609353741496604,0.9253284448518179,0.03577192767319781
