,acc_train,rps_train,acc_test,rps_test
0,0.934125,0.03082601131633715,0.9376718606782768,0.02990611069727309
