,acc_train,rps_train,acc_test,rps_test
0,0.94595,0.02571531653477718,0.9500763825236785,0.02435037952029612
