,acc_train,rps_train,acc_test,rps_test
0,0.97045,0.014502364864864864,0.9722578673999389,0.0136348551588723
