,acc_train,rps_train,acc_test,rps_test
0,0.993525,0.003301222222222222,0.9919951115184845,0.0037721424449197135
