,acc_train,rps_train,acc_test,rps_test
0,0.248325,0.3713700997027479,0.2566452795600367,0.36707957597648927
