,acc_train,rps_train,acc_test,rps_test
0,0.353025,0.26215108950065336,0.35013748854262144,0.26367242047403316
