,acc_train,rps_train,acc_test,rps_test
0,0.487575,0.24116674729011325,0.48334860983806904,0.24012150853760625
