,acc_train,rps_train,acc_test,rps_test
0,0.494425,0.23814561825069583,0.48909257561869846,0.23743386496246605
