,acc_train,rps_train,acc_test,rps_test
0,0.49915,0.23430234016764784,0.4990528567063856,0.2328748522374541
