,acc_train,rps_train,acc_test,rps_test
0,0.505,0.23271239001092245,0.5036969141460433,0.23189927697364598
