,acc_train,rps_train,acc_test,rps_test
0,0.510025,0.2305089444540396,0.5055912007332722,0.23002398041217975
