,acc_train,rps_train,acc_test,rps_test
0,0.360375,0.2556699503990163,0.35679804460739384,0.25676714185892013
