,acc_train,rps_train,acc_test,rps_test
0,0.506825,0.2254465765392392,0.5071799572257868,0.22408245284914033
