,acc_train,rps_train,acc_test,rps_test
0,0.499025,0.22239870404928405,0.5027803238619004,0.2215772022315001
