,acc_train,rps_train,acc_test,rps_test
0,0.51475,0.217740908589866,0.5100519401161014,0.2184740083383164
