,acc_train,rps_train,acc_test,rps_test
0,0.5316,0.21675512438629385,0.5267338832875038,0.21847948744610188
