,acc_train,rps_train,acc_test,rps_test
0,0.5608,0.22808685286618574,0.5538649556981363,0.231450225397278
