,acc_train,rps_train,acc_test,rps_test
0,0.362275,0.25644189472245404,0.3630308585395661,0.2555262500368726
