,acc_train,rps_train,acc_test,rps_test
0,0.567725,0.22601714741931925,0.5602810876871371,0.2290067178336507
