,acc_train,rps_train,acc_test,rps_test
0,0.569225,0.2133295912670973,0.5635808127100519,0.21559892108313872
