,acc_train,rps_train,acc_test,rps_test
0,0.562775,0.20491413648060688,0.5605866177818515,0.20677923215780503
