,acc_train,rps_train,acc_test,rps_test
0,0.570825,0.20477336063371307,0.5627253284448518,0.20688461062409214
