,acc_train,rps_train,acc_test,rps_test
0,0.57915,0.21002179503819263,0.5739688359303391,0.21193574166026763
