,acc_train,rps_train,acc_test,rps_test
0,0.56265,0.19613883800629087,0.5655973113351666,0.1953198788676258
