,acc_train,rps_train,acc_test,rps_test
0,0.409875,0.25095186008432147,0.4120378857317446,0.25029769059693113
