,acc_train,rps_train,acc_test,rps_test
0,0.587075,0.19041669479940268,0.5850290253589978,0.19033226617086732
