,acc_train,rps_train,acc_test,rps_test
0,0.596775,0.1855823336362965,0.5944393522761992,0.18471988004909176
