,acc_train,rps_train,acc_test,rps_test
0,0.606625,0.18042177302147966,0.6061106018942866,0.18029844676679618
