,acc_train,rps_train,acc_test,rps_test
0,0.6145,0.17589652247497883,0.6175985334555454,0.175344192422046
