,acc_train,rps_train,acc_test,rps_test
0,0.620375,0.17382681307836984,0.622303696914146,0.17330213072312772
