,acc_train,rps_train,acc_test,rps_test
0,0.628725,0.1687325592015536,0.6340971585701192,0.16836076450857643
