,acc_train,rps_train,acc_test,rps_test
0,0.63475,0.16602793190314916,0.6375190956309197,0.16552831668779458
