,acc_train,rps_train,acc_test,rps_test
0,0.63745,0.16398904246177456,0.6402077604644058,0.1635564018430397
