,acc_train,rps_train,acc_test,rps_test
0,0.6405,0.1620356608191343,0.6419798350137489,0.16187912933873358
