,acc_train,rps_train,acc_test,rps_test
0,0.654425,0.1550028018249944,0.6554231591811793,0.15422415672200096
