,acc_train,rps_train,acc_test,rps_test
0,0.6688,0.14704221050736205,0.6698441796516957,0.14607471510159054
