,acc_train,rps_train,acc_test,rps_test
0,0.430025,0.24839640666372725,0.42664222425908954,0.24876771953303972
