,acc_train,rps_train,acc_test,rps_test
0,0.682225,0.13980316265570034,0.6824931255728689,0.13984025450700396
