,acc_train,rps_train,acc_test,rps_test
0,0.69315,0.13439326766968063,0.692025664527956,0.1355396632042726
