,acc_train,rps_train,acc_test,rps_test
0,0.698075,0.13181209047067374,0.6985640085548427,0.13245981157619133
