,acc_train,rps_train,acc_test,rps_test
0,0.703275,0.1293463024514092,0.7035135960892148,0.12943130470153674
