,acc_train,rps_train,acc_test,rps_test
0,0.71515,0.12310076378700216,0.7126183929117018,0.12433652534813197
