,acc_train,rps_train,acc_test,rps_test
0,0.72155,0.12028122741512902,0.7186678887870456,0.1214526991541398
