,acc_train,rps_train,acc_test,rps_test
0,0.46295,0.24938503306876433,0.4591506263366942,0.248653574976472
