,acc_train,rps_train,acc_test,rps_test
0,0.72825,0.11708365638701787,0.7244118545676749,0.11824023338892908
