,acc_train,rps_train,acc_test,rps_test
0,0.735375,0.11362484616578607,0.733455545371219,0.11469193818534763
