,acc_train,rps_train,acc_test,rps_test
0,0.744475,0.1101751140818583,0.7407271616254201,0.11128827204816102
