,acc_train,rps_train,acc_test,rps_test
0,0.7575,0.10283433135274041,0.757164680721051,0.10376316323075424
