,acc_train,rps_train,acc_test,rps_test
0,0.766175,0.09927752864939052,0.7662083715245952,0.10039412163797855
