,acc_train,rps_train,acc_test,rps_test
0,0.776375,0.09507936082640049,0.7756186984417965,0.09596617103733363
