,acc_train,rps_train,acc_test,rps_test
0,0.47735,0.24954090769131027,0.4717995722578674,0.24903678167303855
