,acc_train,rps_train,acc_test,rps_test
0,0.799175,0.08543915641399535,0.8015887564925145,0.08513278836367043
