,acc_train,rps_train,acc_test,rps_test
0,0.81195,0.07962777214428854,0.8141765963947449,0.07984184049825643
