,acc_train,rps_train,acc_test,rps_test
0,0.885275,0.051233761720551864,0.8868316529178124,0.05086729353685261
