,acc_train,rps_train,acc_test,rps_test
0,0.904525,0.044065230288799835,0.9065077910174152,0.043710141257206014
