,acc_train,rps_train,acc_test,rps_test
0,0.92175,0.03719615883773969,0.9242896425297892,0.03623022496916451
