,acc_train,rps_train,acc_test,rps_test
0,0.953425,0.023201889206417175,0.9555148182095936,0.022316870592160157
