,acc_train,rps_train,acc_test,rps_test
0,0.96665,0.016750142286553932,0.9693858845096242,0.015548934719814117
