,acc_train,rps_train,acc_test,rps_test
0,0.99135,0.004574137006260394,0.9921173235563703,0.004472698373095625
