,n_neighbors,rps_train,std_train,rps_test,std_test
0,482,0.22846305294535435,0.00014108450893058074,0.22937853267419636,0.0005742428597269053
1,483,0.22846398217726974,0.000143632710527928,0.229377083788777,0.0005748630842273235
