,n_neighbors,rps_train,std_train,rps_test,std_test
0,114,0.21193322266346265,0.00031027680893846776,0.2154815154662973,0.0008782565367384448
1,115,0.21196296525614128,0.00029377222673638816,0.2154937674858223,0.0008984800093433758
