,n_neighbors,rps_train,std_train,rps_test,std_test
0,119,0.20993375373765194,0.00019650401404192725,0.2132831632653061,0.0007990047073523427
1,120,0.20996006986672203,0.0002023809312602166,0.2132676953125,0.0008282628953510455
