,n_neighbors,rps_train,std_train,rps_test,std_test
0,93,0.20579861552437612,0.00028403177384609676,0.21020348595213317,0.0011098835500417026
1,94,0.20585120615842575,0.0002906595073398995,0.21022779821186058,0.0010989121998643814
