,n_neighbors,rps_train,std_train,rps_test,std_test
0,92,0.20278678671765085,0.00023261526603879075,0.20730357543714553,0.0008554775325378949
1,93,0.20283630224832447,0.00020797326479890597,0.20728483206151005,0.0008614001955769659
