,n_neighbors,rps_train,std_train,rps_test,std_test
0,81,0.20130768765183946,0.00029641399508792616,0.206444185337601,0.001001142264774358
1,82,0.2013646698843131,0.00029763679562003496,0.2064298055472933,0.0009896883043233684
