,n_neighbors,rps_train,std_train,rps_test,std_test
0,68,0.19878779982195777,0.00034623559166576447,0.20439861591695505,0.0009698048336951321
1,69,0.19886381643171477,0.00033959054986835876,0.20438721119512707,0.000982406965191711
