,n_neighbors,rps_train,std_train,rps_test,std_test
0,64,0.1975402769484611,0.0003241777896133927,0.20380142822265626,0.0012236303824020847
1,65,0.1976295725448904,0.0003137742115346937,0.2038017071005917,0.001210843835661157
