,n_neighbors,rps_train,std_train,rps_test,std_test
0,86,0.19746790881192677,0.00027591855954288793,0.20203937601406163,0.0008395642985521375
1,87,0.1975282804594814,0.0002707199070584678,0.20200743493195927,0.0008533446180136668
