,n_neighbors,rps_train,std_train,rps_test,std_test
0,47,0.19158537532930425,0.00036372896368926653,0.19994905500226345,0.0011965943828111517
1,48,0.19173268413452288,0.00033270539849809973,0.19992046440972222,0.0012276793209716696
