,n_neighbors,rps_train,std_train,rps_test,std_test
0,50,0.19142036828515854,0.0003000349011981363,0.19882721500000003,0.0010401432558250873
1,51,0.19156758420743025,0.00029622741010300845,0.19874505478662055,0.0010235554786872255
