,n_neighbors,rps_train,std_train,rps_test,std_test
0,493,0.22353436133153778,0.00022199906041440272,0.22443032361787127,0.0007094346758220455
1,494,0.2235347148455132,0.0002187943051271684,0.22442470752266058,0.0007069343506240389
