,n_neighbors,rps_train,std_train,rps_test,std_test
0,59,0.19156189548421904,0.00035079741364039296,0.19811295963803505,0.001215907169034056
1,60,0.19168399413266704,0.00035701656614685524,0.19803510069444444,0.0012320870631559707
