,n_neighbors,rps_train,std_train,rps_test,std_test
0,44,0.18854806945169955,0.000333676273461691,0.19707930655991737,0.0011479004344826253
1,45,0.1887031842694607,0.0003099788089368182,0.19702754320987653,0.0011628683613323883
