,n_neighbors,rps_train,std_train,rps_test,std_test
0,42,0.18337171100491453,0.00038619507070918404,0.19229374999999999,0.0014275166575970046
1,43,0.18356944409261933,0.00038792427461189474,0.19228751352082205,0.001433516783178342
