,n_neighbors,rps_train,std_train,rps_test,std_test
0,32,0.17862231713109986,0.0003264073661055363,0.18989371337890626,0.0016896159640498348
1,33,0.17896206335509432,0.0003104197276264408,0.18982948806244263,0.0016697116308953374
