,n_neighbors,rps_train,std_train,rps_test,std_test
0,496,0.2221991299973237,0.00020229175927261405,0.22311696617293186,0.0007727093255445054
1,497,0.22220035297072988,0.000204031701705112,0.22311516963956782,0.000774476746205391
