,n_neighbors,rps_train,std_train,rps_test,std_test
0,33,0.17142862693041108,0.0003246470852001565,0.18233965794306706,0.0015453151339430457
1,34,0.17172423731695732,0.0003213260981321432,0.18240110294117648,0.001618039312016002
