,n_neighbors,rps_train,std_train,rps_test,std_test
0,30,0.16902099974587678,0.00041709857299268994,0.1808855833333333,0.0019128675591610245
1,31,0.16941138772217065,0.00042802864553878963,0.180944250780437,0.0019451644790366865
