,n_neighbors,rps_train,std_train,rps_test,std_test
0,33,0.16796571860664627,0.0004849067353678245,0.17849819788797064,0.0015217204043269162
1,34,0.16829637202118253,0.00045432846144553764,0.1784487673010381,0.0015203768164049045
