,n_neighbors,rps_train,std_train,rps_test,std_test
0,22,0.16005913335433725,0.00031764009278985284,0.17575170454545452,0.0014873331231218176
1,23,0.16064866135147104,0.0003145983259701448,0.17562365311909262,0.0014085631674423374
