,n_neighbors,rps_train,std_train,rps_test,std_test
0,22,0.1590664802144155,0.00035074244813675695,0.1748498708677686,0.0014555612566841765
1,23,0.15965718568926518,0.00029916365364822525,0.17482625236294896,0.0014619604017219038
