,n_neighbors,rps_train,std_train,rps_test,std_test
0,23,0.15435842550390436,0.00035234124618887104,0.16869447069943289,0.0021309248968001885
1,24,0.15491699339535156,0.0003437958310370644,0.16864911024305557,0.0020131181962634807
