,n_neighbors,rps_train,std_train,rps_test,std_test
0,282,0.2190727002746093,0.00028452453694237953,0.22056196368391928,0.0010626587177452766
1,283,0.21908216010538997,0.0002918838577600806,0.2205649155939018,0.001067874961834519
