,n_neighbors,rps_train,std_train,rps_test,std_test
0,20,0.14984839465553162,0.00033460416002405516,0.1655251875,0.0020027650515575222
1,21,0.15050194592665722,0.00035361457722528025,0.1653829081632653,0.001933799965386771
