,n_neighbors,rps_train,std_train,rps_test,std_test
0,17,0.13915497585796976,0.0006433493392856785,0.1570048875432526,0.0023327592820554114
1,18,0.14001924486347692,0.0006009609852509423,0.15693356481481482,0.0022319026641196933
