,n_neighbors,rps_train,std_train,rps_test,std_test
0,297,0.21806373769978835,0.0003664851049615387,0.21961041135258305,0.0012813461516400046
1,298,0.2180620363394407,0.00036999063366347835,0.21959771491149044,0.0012794717207662131
