,n_neighbors,rps_train,std_train,rps_test,std_test
0,24,0.1430659207557007,0.0005861084687175483,0.15590809461805558,0.002135697760418294
1,25,0.14362905382702054,0.0005671046731289059,0.15595046,0.002126381770507442
