,n_neighbors,rps_train,std_train,rps_test,std_test
0,18,0.13758630713925277,0.0004946691473976084,0.1543235339506173,0.002244285445608204
1,19,0.1383967915721834,0.00045972663812777,0.1541947022160665,0.0021780380251882857
