,n_neighbors,rps_train,std_train,rps_test,std_test
0,17,0.13522519624353974,0.00044265002402891937,0.1527123269896194,0.002285159520884706
1,18,0.13614023203379383,0.000484336913236776,0.15270489969135803,0.002208293975339503
