,n_neighbors,rps_train,std_train,rps_test,std_test
0,10,0.12477447109149378,0.00041247672072663034,0.15256387500000002,0.002358601996224512
1,11,0.1264975182966556,0.00044102031280911994,0.15179824380165288,0.002297460156338148
