,n_neighbors,rps_train,std_train,rps_test,std_test
0,17,0.13230152086511582,0.0005194977830989402,0.1493312283737024,0.0019311600004669233
1,18,0.13314858874589258,0.0005075896525914205,0.14933310185185183,0.0018454078930588305
