,n_neighbors,rps_train,std_train,rps_test,std_test
0,20,0.1338595981744937,0.0005352224298342638,0.1485264375,0.0020163618940111927
1,21,0.13460208720529407,0.0005096850914692059,0.148703798185941,0.0020016448301582133
