,n_neighbors,rps_train,std_train,rps_test,std_test
0,19,0.13066609275660926,0.0006312564243599478,0.14592299168975068,0.0024390825671764212
1,20,0.13148066549173626,0.0006017363827100262,0.1459625,0.0022821403991775224
