,n_neighbors,rps_train,std_train,rps_test,std_test
0,14,0.12434201265692812,0.0004179371189107485,0.14443016581632653,0.0022685592667057346
1,15,0.1255031834882168,0.00044794589247786304,0.14437750000000002,0.0022703182666723764
