,n_neighbors,rps_train,std_train,rps_test,std_test
0,18,0.12723806820485023,0.0005867358436895282,0.1430661651234568,0.0023930683521779
1,19,0.12807460168244827,0.0005481388321357123,0.1431682132963989,0.0022943922902139355
