,n_neighbors,rps_train,std_train,rps_test,std_test
0,317,0.21732561814953918,0.00031569233367991715,0.21855059048751604,0.0010881511149712002
1,318,0.21733024631521908,0.00031460971043764836,0.21854491601894702,0.0010833613760359542
