,n_neighbors,rps_train,std_train,rps_test,std_test
0,23,0.12997626898913425,0.0004978449340154185,0.1425849007561437,0.0018925592118561208
1,24,0.1306197521671365,0.0004427406318072224,0.14277337239583335,0.001958676741917827
