,n_neighbors,rps_train,std_train,rps_test,std_test
0,14,0.12040842699485721,0.0004250285536166035,0.1397014668367347,0.0018107480807158325
1,15,0.12164031448520245,0.00039964636794187773,0.13971244444444444,0.0019475972408353217
