,n_neighbors,rps_train,std_train,rps_test,std_test
0,16,0.12166588867950819,0.0003413284686262291,0.138916845703125,0.0015499375241376605
1,17,0.12270963095585312,0.00035078458056217,0.1388538062283737,0.0015023822735899754
