,n_neighbors,rps_train,std_train,rps_test,std_test
0,14,0.11529587192314675,0.0002326855882147442,0.1338504464285714,0.0016796813483867753
1,15,0.11648225061001956,0.0002476822245234283,0.13388211111111115,0.0016872833302880564
