,n_neighbors,rps_train,std_train,rps_test,std_test
0,11,0.1066221085510444,0.00040256491814674066,0.12906570247933885,0.001283414208601272
1,12,0.1083457051769197,0.00036325982575167895,0.12929366319444444,0.0011076863100439567
