,n_neighbors,rps_train,std_train,rps_test,std_test
0,223,0.2156856694950433,0.0002781090540783887,0.21759358472923246,0.0009385313167632095
1,224,0.2156797143347267,0.0002706688706863636,0.21757864591637435,0.000936720734414393
