,n_neighbors,rps_train,std_train,rps_test,std_test
0,11,0.1034505979637848,0.00026788259637414185,0.12511311983471074,0.00149734024298023
1,12,0.10505677451437893,0.00025155304288613037,0.12528472222222223,0.00158260337714215
