,n_neighbors,rps_train,std_train,rps_test,std_test
0,19,0.11047993813461458,0.00046562029826372744,0.1230678324099723,0.0015361244486617593
1,20,0.11130506694509394,0.0004501932535315536,0.12343053124999999,0.0015975437444688994
