,n_neighbors,rps_train,std_train,rps_test,std_test
0,10,0.09745066462687892,0.00032489742779245087,0.12008362499999999,0.0013220046861740402
1,11,0.09926276680094372,0.0003291401701095002,0.11990464876033056,0.0013450698688808036
