,acc_train,rps_train,acc_test,rps_test
0,0.349275,0.2628563191056252,0.35417048579740334,0.26095606103389224
