,acc_train,rps_train,acc_test,rps_test
0,0.25575,0.270753759598732,0.258111824015576,0.2678119641167288
