,acc_train,rps_train,acc_test,rps_test
0,0.414775,0.24850953505039214,0.4166819431768657,0.24621192425753485
