,acc_train,rps_train,acc_test,rps_test
0,0.304675,0.25771702675819397,0.3019859456165537,0.2564403435851032
