,acc_train,rps_train,acc_test,rps_test
0,0.442525,0.23261431696414947,0.4451573479996884,0.23230618880205187
