,acc_train,rps_train,acc_test,rps_test
0,0.27965,0.30480400499105453,0.28774824320650816,0.3012227735095457
