,acc_train,rps_train,acc_test,rps_test
0,0.4234,0.2344620656490326,0.4238313473895388,0.23367718301469895
