,acc_train,rps_train,acc_test,rps_test
0,0.459475,0.23551998937129975,0.4543843568810038,0.23450640732911324
