,acc_train,rps_train,acc_test,rps_test
0,0.359225,0.27365525391101836,0.35001527650655684,0.27315358894336783
