,acc_train,rps_train,acc_test,rps_test
0,0.3176,0.2556710778594017,0.3097464100232082,0.25522487191861826
