,acc_train,rps_train,acc_test,rps_test
0,0.304975,0.31163188244104384,0.29556981362846335,0.31226433084402977
