,acc_train,rps_train,acc_test,rps_test
0,0.26095,0.24159772568941115,0.2637946837772625,0.23968026349750673
