,acc_train,rps_train,acc_test,rps_test
0,0.24495,0.25157007194757464,0.24240757714725947,0.25057308001781214
