,acc_train,rps_train,acc_test,rps_test
0,0.33235,0.2746716528892517,0.33522761992283856,0.27147840849310845
