,acc_train,rps_train,acc_test,rps_test
0,0.32735,0.2702342598080635,0.32380079438735176,0.2679930854200625
