,acc_train,rps_train,acc_test,rps_test
0,0.297725,0.3078209166049957,0.2953864955752769,0.30665047794826306
