,acc_train,rps_train,acc_test,rps_test
0,0.47045,0.2298383419275284,0.4743049190354354,0.22589790733298357
