,acc_train,rps_train,acc_test,rps_test
0,0.315825,0.27527302618026733,0.30443018639521097,0.2749694275011027
