,acc_train,rps_train,acc_test,rps_test
0,0.349175,0.26934042325019836,0.3378551787369265,0.2695157793913636
