,acc_train,rps_train,acc_test,rps_test
0,0.379575,0.238606585085392,0.37879621143593106,0.23644623551170577
