,acc_train,rps_train,acc_test,rps_test
0,0.41855,0.2483754608988762,0.4109379773925941,0.24732933371321272
