,acc_train,rps_train,acc_test,rps_test
0,0.381375,0.24532086138725281,0.3868010999174465,0.24257561836882247
