,acc_train,rps_train,acc_test,rps_test
0,0.31165,0.2698795737504959,0.31769019248487024,0.26712122733462595
