,acc_train,rps_train,acc_test,rps_test
0,0.293175,0.2997265120148659,0.28157653529054705,0.300561889828508
