,acc_train,rps_train,acc_test,rps_test
0,0.31915,0.251464926469326,0.32911701803538107,0.24881273142394764
