,acc_train,rps_train,acc_test,rps_test
0,0.3011,0.25794729429483415,0.2911090742456341,0.2586688307185367
