,acc_train,rps_train,acc_test,rps_test
0,0.455175,0.2285388169646263,0.4514512679553564,0.22868588065613019
