,acc_train,rps_train,acc_test,rps_test
0,0.351275,0.26983553572893143,0.3489764741881703,0.2703182679066919
