,acc_train,rps_train,acc_test,rps_test
0,0.35305,0.24800161468982695,0.3539871677378431,0.2447688970149128
