,acc_train,rps_train,acc_test,rps_test
0,0.30275,0.30750986831188204,0.3039413382227254,0.30607043730895744
