,acc_train,rps_train,acc_test,rps_test
0,0.263125,0.2959865876793861,0.26434463795230106,0.2920605304206215
