,acc_train,rps_train,acc_test,rps_test
0,0.352675,0.26653244675397875,0.34066605562833047,0.2667103842870562
