,acc_train,rps_train,acc_test,rps_test
0,0.317075,0.2591451846957207,0.3284448518188146,0.25552751577996785
