,acc_train,rps_train,acc_test,rps_test
0,0.29975,0.2532396556138992,0.2983195844845345,0.25267071450499634
