,acc_train,rps_train,acc_test,rps_test
0,0.43475,0.24321059625148772,0.43568591507173915,0.24012164604652922
