,acc_train,rps_train,acc_test,rps_test
0,0.318375,0.2410166969895363,0.32141765964402724,0.23840933697616293
