,acc_train,rps_train,acc_test,rps_test
0,0.471175,0.2410979920387268,0.4611060189483292,0.24162555420176537
