,acc_train,rps_train,acc_test,rps_test
0,0.476875,0.21888610548973084,0.4641002138765296,0.2191287733029416
