,acc_train,rps_train,acc_test,rps_test
0,0.35875,0.23458752136230468,0.3578979529538287,0.23325214864207525
