,acc_train,rps_train,acc_test,rps_test
0,0.31675,0.24007075009346007,0.32166208372435146,0.23705792924769967
