,acc_train,rps_train,acc_test,rps_test
0,0.275425,0.2680162855029106,0.26507791017597326,0.26710497098179575
