,acc_train,rps_train,acc_test,rps_test
0,0.279175,0.27176006994247437,0.2755270394142928,0.27205580665982904
