,acc_train,rps_train,acc_test,rps_test
0,0.3364,0.24583087308406829,0.3406049495966399,0.2422931487265982
