,acc_train,rps_train,acc_test,rps_test
0,0.31685,0.2818852132678032,0.3101741521758404,0.2837255290277209
