,acc_train,rps_train,acc_test,rps_test
0,0.2603,0.2634305304288864,0.27014970975551555,0.26097186054252464
