,acc_train,rps_train,acc_test,rps_test
0,0.446075,0.2532257630109787,0.448518179049741,0.24921561984013535
