,acc_train,rps_train,acc_test,rps_test
0,0.2416,0.28133010568618777,0.2403910785257871,0.28031585529387415
