,acc_train,rps_train,acc_test,rps_test
0,0.467775,0.24003142842054367,0.4693553315056161,0.23625810371237796
