,acc_train,rps_train,acc_test,rps_test
0,0.28655,0.2644309282660484,0.28224870149891856,0.2632885635764162
