,acc_train,rps_train,acc_test,rps_test
0,0.32165,0.26574819630384444,0.3222120378866423,0.2629665917571517
