,acc_train,rps_train,acc_test,rps_test
0,0.291225,0.2566595830440521,0.2974641002229766,0.25234566309967066
