,acc_train,rps_train,acc_test,rps_test
0,0.332075,0.24902958478927611,0.3244729605884389,0.24783978242776533
