,acc_train,rps_train,acc_test,rps_test
0,0.398725,0.246911599111557,0.40109990834188214,0.24573788810788838
