{"eval_train": [1.0590823915481566, 0.45635, 0.22870256371498107], "eval_test": [1.063706329522277, 0.45615643140940426, 0.22777237133297978]}