{"eval_train": [0.9797698276996613, 0.5294, 0.20225415428876878], "eval_test": [1.0079510193369348, 0.5039413382272782, 0.20775688371088685]}