{"eval_train": [1.0007227875232696, 0.51415, 0.2084223884344101], "eval_test": [1.011224501751411, 0.5079132294549222, 0.20941992480384075]}