{"eval_train": [0.9810644203662873, 0.52635, 0.20323279873132705], "eval_test": [1.012376308674263, 0.5068744271529256, 0.20893995327174464]}