{"eval_train": [0.9850846763134002, 0.52575, 0.20338279497623443], "eval_test": [1.0060467284460735, 0.5091353498538117, 0.20696878021931817]}