{"eval_train": [0.9748254451274871, 0.5323, 0.2004019267320633], "eval_test": [0.9958585956648078, 0.5172624503732128, 0.20418580062903652]}