{"eval_train": [0.9748678467273713, 0.53225, 0.2001483116209507], "eval_test": [0.9959570648762709, 0.5188512068657274, 0.2042756659391638]}