{"eval_train": [0.9698903324604035, 0.536025, 0.19870280233621598], "eval_test": [0.9908435709790429, 0.5219065078128706, 0.20248527056191845]}