{"eval_train": [0.964390930891037, 0.539, 0.19696664585471152], "eval_test": [0.9966781557790009, 0.5207454934529562, 0.20362094371117767]}