{"eval_train": [0.953155456495285, 0.546125, 0.19416305303573608], "eval_test": [0.9855899982666554, 0.5260006110820427, 0.2008480157085125]}