{"eval_train": [0.9663449039459229, 0.537825, 0.19755133007764816], "eval_test": [0.9848382298931083, 0.5267949893282999, 0.2009924715342159]}