{"eval_train": [0.9630120443344117, 0.539625, 0.1967074131846428], "eval_test": [0.9829722155389747, 0.5300336083322718, 0.20022466020812837]}