{"eval_train": [0.9617417119026184, 0.540975, 0.1959618936121464], "eval_test": [0.979231175981528, 0.5286892759118865, 0.1991599929349123]}