{"eval_train": [0.9657021471977234, 0.5433, 0.19560487929582596], "eval_test": [0.9907135652905752, 0.5296669722149724, 0.20013383835545018]}