{"eval_train": [0.957817417192459, 0.544175, 0.19459242606163024], "eval_test": [0.9755987224686666, 0.5322334249941828, 0.19784000023056744]}