{"eval_train": [1.0502991562366486, 0.465975, 0.2256767327427864], "eval_test": [1.056891963673483, 0.45713412771704287, 0.22548907719873487]}