{"eval_train": [1.0510253230571747, 0.464475, 0.2258988487482071], "eval_test": [1.05706262624923, 0.45811182402377093, 0.22546564846129144]}