{"eval_train": [1.051432013988495, 0.4642, 0.22604965580701827], "eval_test": [1.0571944658595271, 0.457561869849643, 0.22557363199543012]}