{"eval_train": [0.9214974171161652, 0.563275, 0.18435525232553482], "eval_test": [0.9612083302154623, 0.5424992361966164, 0.1931375861841715]}