{"eval_train": [0.9502494019031524, 0.549825, 0.19125520581007005], "eval_test": [0.965889158498028, 0.5396272532862696, 0.19333776100727895]}