{"eval_train": [0.9395650467395783, 0.5556, 0.18883860854506493], "eval_test": [0.9554096386187163, 0.5424992361802266, 0.1915085403499638]}