{"eval_train": [0.9226395231246948, 0.5646, 0.18426140605807304], "eval_test": [0.9545983039054381, 0.5437213565554416, 0.19104880014217632]}