{"eval_train": [0.9282237414836884, 0.56225, 0.18561883511543273], "eval_test": [0.9496263647895321, 0.5464100213889277, 0.1899337177060993]}