{"eval_train": [0.9221547536373138, 0.56445, 0.18385606940984725], "eval_test": [0.9451275185419812, 0.5502597006023604, 0.1884679775763607]}