{"eval_train": [0.9188955464363098, 0.5674, 0.1829014873623848], "eval_test": [0.9448909085058416, 0.5524595172679136, 0.18801790576005908]}