{"eval_train": [0.9192678287506103, 0.56545, 0.18307033605575562], "eval_test": [0.9411371179323403, 0.5507485487338712, 0.18743559038770188]}