{"eval_train": [0.8952208173751831, 0.577725, 0.17665842281579971], "eval_test": [0.9357936370019478, 0.5545982279473038, 0.1855138346402608]}