{"eval_train": [0.9184389828681946, 0.565875, 0.1824690191745758], "eval_test": [0.9369462623896309, 0.5547204399851896, 0.1862102855519348]}