{"eval_train": [0.9091428232192993, 0.572275, 0.17988064167499543], "eval_test": [0.9372178623882449, 0.5539871677451275, 0.1855660084324294]}