{"eval_train": [0.9040811406135559, 0.577675, 0.17857272105216979], "eval_test": [0.9315807860669032, 0.5584479071206723, 0.1842223244816238]}