{"eval_train": [0.9056977036476135, 0.574025, 0.1788724779844284], "eval_test": [0.9298340623399879, 0.5584479071243145, 0.18417133406747055]}