{"eval_train": [0.8925847141265869, 0.57935, 0.17569365792870523], "eval_test": [0.9264162961255874, 0.5596700275031719, 0.1827960486700511]}