{"eval_train": [0.9001035997390747, 0.577075, 0.17698768780231475], "eval_test": [0.9227162452345772, 0.5623586923403001, 0.18165555307433906]}