{"eval_train": [0.8860709672927857, 0.5861, 0.1734983735561371], "eval_test": [0.9244027273646925, 0.561319890010987, 0.1820087507016572]}