{"eval_train": [0.8851696377754211, 0.58455, 0.1733117924451828], "eval_test": [0.9264525565538718, 0.5595478154652861, 0.18247143863593626]}