{"eval_train": [1.0411279898166657, 0.47415, 0.2226908217549324], "eval_test": [1.0506164692754305, 0.46886648335771536, 0.22306881145694515]}