{"eval_train": [0.8942971376895904, 0.579775, 0.17552233201265335], "eval_test": [0.9178414578398469, 0.567674915981045, 0.18034751096651017]}