{"eval_train": [0.8962171491622924, 0.581725, 0.17620458911657333], "eval_test": [0.9176382893347572, 0.5668194317194871, 0.1800423773328281]}