{"eval_train": [0.8935261326313019, 0.581625, 0.17518272851109504], "eval_test": [0.9143974217296266, 0.5696914146061596, 0.1792056633078138]}