{"eval_train": [0.8788530426502228, 0.587575, 0.17149450861215593], "eval_test": [0.9150121227885618, 0.5693247784961446, 0.1788448121044711]}