{"eval_train": [0.8693556044578552, 0.59455, 0.16923336514234544], "eval_test": [0.9136882816874722, 0.5687137183030738, 0.17852856090882485]}