{"eval_train": [0.8671519549846649, 0.594325, 0.16868571239113808], "eval_test": [0.9035423630791048, 0.5761075465951605, 0.17596688528618898]}