{"eval_train": [0.8666216988563538, 0.5957, 0.16786210431456566], "eval_test": [0.8892336804860235, 0.5790406355244502, 0.17217874614754622]}