{"eval_train": [0.8505070332050324, 0.60585, 0.16407847892045974], "eval_test": [0.8998418005897553, 0.576840818822475, 0.17485538723087807]}