{"eval_train": [0.8698777511119843, 0.595175, 0.16836684545874595], "eval_test": [0.8975297315602196, 0.5785517873729072, 0.17396942279297314]}