{"eval_train": [0.8420323954105378, 0.606775, 0.16114691780805587], "eval_test": [0.8715487080322578, 0.5902230369909947, 0.1668746581390441]}