{"eval_train": [0.8497684670448303, 0.60875, 0.16290966259241105], "eval_test": [0.8819237369519288, 0.5813626642442791, 0.1696567409680664]}