{"eval_train": [0.8580395733833313, 0.599925, 0.1648567310810089], "eval_test": [0.8839958508955096, 0.5829514207367936, 0.17018513604110802]}