{"eval_train": [0.8606646508216858, 0.6013, 0.16590134721398353], "eval_test": [0.8867839834867105, 0.5851512373987047, 0.1710013105349915]}