{"eval_train": [0.8314023864984512, 0.615125, 0.15855209121108055], "eval_test": [0.8784783694236387, 0.5858845096460512, 0.1688310783416752]}