{"eval_train": [0.8473756350040436, 0.6053, 0.16189839062690736], "eval_test": [0.8695082668277637, 0.5881454323469373, 0.16657697036384334]}