{"eval_train": [0.8326959237575531, 0.613975, 0.1587875463962555], "eval_test": [0.8740723998510906, 0.5861289337017905, 0.16781519227824807]}