{"eval_train": [1.032340786266327, 0.48345, 0.21979551006555556], "eval_test": [1.044556344054432, 0.4736327528352589, 0.2208880524141068]}