{"eval_train": [0.8421463273048401, 0.606925, 0.16058720863461495], "eval_test": [0.8661911153152307, 0.5893064467068517, 0.16582675182487927]}