{"eval_train": [0.8086759367465973, 0.6273, 0.15269170450568198], "eval_test": [0.8654954283710216, 0.5915673694077377, 0.16510223757772682]}