{"eval_train": [0.827093985080719, 0.61955, 0.15697765055894852], "eval_test": [0.8631887531957967, 0.5962114268437533, 0.16430726759647907]}