{"eval_train": [0.8196256162166595, 0.61835, 0.15527873516082763], "eval_test": [0.8535363496497178, 0.599633363908196, 0.16208729237145034]}