{"eval_train": [0.8237588609695434, 0.61615, 0.15594432507753372], "eval_test": [0.848057815091092, 0.6001222120397068, 0.16040651871820782]}