{"eval_train": [0.8257461295843125, 0.618875, 0.15652250213623048], "eval_test": [0.8620284818670563, 0.5905896730846197, 0.1643257489408006]}