{"eval_train": [0.8072103269815445, 0.630475, 0.15192058878540993], "eval_test": [0.8491365570268826, 0.6006721662265825, 0.16045040815221837]}