{"eval_train": [0.7915119855642319, 0.63945, 0.14765180258750915], "eval_test": [0.8448342790488544, 0.6008554842870534, 0.15970447335518576]}