{"eval_train": [0.8200283674240112, 0.6268, 0.15443848731517792], "eval_test": [0.8397423178604025, 0.6092881149011689, 0.15807892211871957]}