{"eval_train": [0.8202884313583374, 0.6188, 0.154514541387558], "eval_test": [0.8437893323201926, 0.6012221203843207, 0.15944523808881844]}