{"eval_train": [0.7965414733409881, 0.62865, 0.14890525509119035], "eval_test": [0.8099318623688474, 0.6198594561582526, 0.1506442066210328]}