{"eval_train": [0.7924440758228302, 0.6357, 0.14811165307760238], "eval_test": [0.8081138544187537, 0.6300030553191581, 0.1504985866854761]}