{"eval_train": [0.7921991591453552, 0.6306, 0.14811834422945977], "eval_test": [0.8113604046247291, 0.6175374274584557, 0.15106929909225053]}