{"eval_train": [0.7940306647062302, 0.638875, 0.14823529545664788], "eval_test": [0.8415501370293046, 0.606477238029797, 0.15836645858370854]}