{"eval_train": [0.7940514802694321, 0.637725, 0.14819336550831794], "eval_test": [0.8260257790731866, 0.6180873816216571, 0.15473970439759666]}