{"eval_train": [0.8556295704364777, 0.6058, 0.1639453077495098], "eval_test": [0.8752590249446492, 0.5921784295807765, 0.16712601541325545]}