{"eval_train": [0.8033099107265472, 0.632275, 0.15008738985061645], "eval_test": [0.8121521861080434, 0.629086465031373, 0.1511998362518253]}