{"eval_train": [0.819489556980133, 0.620175, 0.1546151362299919], "eval_test": [0.8534693600714043, 0.6022609227227392, 0.16147604533338852]}