{"eval_train": [0.7984557024002075, 0.630375, 0.14872973074913026], "eval_test": [0.8251377120937298, 0.6115490376020548, 0.1544680901943927]}