{"eval_train": [0.8022611598968505, 0.630175, 0.150610494440794], "eval_test": [0.8335583059277113, 0.6074549343292407, 0.15686913976474817]}