{"eval_train": [0.7779513876199722, 0.648, 0.14405863217711448], "eval_test": [0.8277395847336874, 0.6133211121477558, 0.15512801756415934]}