{"eval_train": [0.78099497859478, 0.6393, 0.14481182702183723], "eval_test": [0.821421130152241, 0.610937977408984, 0.15334087464010318]}