{"eval_train": [0.7750713731765747, 0.641525, 0.14357032613754273], "eval_test": [0.8091723517179853, 0.620592728405599, 0.15020202730651153]}