{"eval_train": [0.7779972223520278, 0.635925, 0.1438449328958988], "eval_test": [0.809542596799097, 0.619248395988856, 0.15024554548626312]}