{"eval_train": [0.7664852064371109, 0.65455, 0.1409722117304802], "eval_test": [0.8150188709376166, 0.618820653856256, 0.15176341374132418]}