{"eval_train": [0.7662630630731583, 0.650225, 0.14099328736662864], "eval_test": [0.7999764365666218, 0.6289642530007716, 0.14806160816369054]}