{"eval_train": [1.028304806995392, 0.48815, 0.21818690437078475], "eval_test": [1.0392505771626472, 0.48188206538890355, 0.21890177731480467]}