{"eval_train": [1.0244150550842286, 0.4912, 0.21720603156089782], "eval_test": [1.0393704542500362, 0.4851206843928755, 0.2189294661307896]}