{"eval_train": [0.7735976574897766, 0.640775, 0.14225240395665167], "eval_test": [0.8020802936530645, 0.6197983501593417, 0.14809338658583698]}