{"eval_train": [0.7356200908899307, 0.6701, 0.1337389118373394], "eval_test": [0.7986375132504494, 0.6287809349330165, 0.14728328653005443]}