{"eval_train": [0.7433170129299164, 0.656275, 0.13521344392299653], "eval_test": [0.7910963625271241, 0.6279865566940436, 0.14527643789601843]}