{"eval_train": [0.7389788912534714, 0.664525, 0.1344316560000181], "eval_test": [0.7939376148724461, 0.6289642529971294, 0.14609866688512277]}