{"eval_train": [0.7313383626699448, 0.673825, 0.13223236093521118], "eval_test": [0.78479454364392, 0.6389856400873696, 0.14342979329953745]}