{"eval_train": [0.7359583797454834, 0.67155, 0.13352570403814315], "eval_test": [0.7797311300281498, 0.6445462878275602, 0.1426607655023822]}