{"eval_train": [0.7593927760362625, 0.64995, 0.13823591668009758], "eval_test": [0.7850196971610676, 0.6303696914364576, 0.14359199783141338]}