{"eval_train": [0.7336202385663986, 0.669375, 0.13251020034253597], "eval_test": [0.7748149451443154, 0.6439963336443267, 0.1410088170104678]}