{"eval_train": [0.7020312600374222, 0.68645, 0.12544264243245123], "eval_test": [0.7715243540078247, 0.6412465628082877, 0.14028060803929127]}