{"eval_train": [0.7092809434175491, 0.690825, 0.12680609491467476], "eval_test": [0.7646748712585127, 0.6537121906653479, 0.13822273922429112]}