{"eval_train": [0.6878835362911224, 0.6923, 0.12240371006429196], "eval_test": [0.7498221797823651, 0.6598227925596345, 0.134872066500243]}