{"eval_train": [0.7100696211099624, 0.679725, 0.12669240494966508], "eval_test": [0.7361040020003582, 0.6600672166426904, 0.13151929444251279]}