{"eval_train": [0.6954221467256546, 0.696925, 0.12335627368092537], "eval_test": [0.7450486469188671, 0.6667888787264056, 0.1336155698673098]}