{"eval_train": [0.7131263130664826, 0.676425, 0.1271847805827856], "eval_test": [0.7359386247667813, 0.6672777268779485, 0.13165185985090241]}