{"eval_train": [1.0229303144454955, 0.49365, 0.2163621421813965], "eval_test": [1.033836147357592, 0.4870149709764621, 0.2170542710824658]}