{"eval_train": [0.7059240611791611, 0.670425, 0.12549002195298672], "eval_test": [0.7377090887523666, 0.6539566147484038, 0.13151443057602202]}