{"eval_train": [0.6513101840019226, 0.717475, 0.11340868352651597], "eval_test": [0.7111881263897829, 0.6850595783903225, 0.1254052435718033]}