{"eval_train": [0.6637292808055878, 0.711275, 0.11556625944972038], "eval_test": [0.7221889627369543, 0.6792545065871081, 0.12770505158536266]}