{"eval_train": [0.6972862380504609, 0.68735, 0.12330490435659885], "eval_test": [0.7275798820189078, 0.6703330278250919, 0.1294573092830316]}