{"eval_train": [0.6772124742031097, 0.69905, 0.11797341703474522], "eval_test": [0.7216788699493618, 0.6745493431248651, 0.12736713694225857]}