{"eval_train": [0.6512636796951294, 0.7171, 0.113266833999753], "eval_test": [0.6860780746026975, 0.6991139627471816, 0.11995305585416857]}