{"eval_train": [0.6698257905960083, 0.7005, 0.11679881947934627], "eval_test": [0.7123395888877505, 0.6695997555977774, 0.12556652741770186]}