{"eval_train": [0.6497901411533356, 0.722925, 0.11226702104508877], "eval_test": [0.6819365880338563, 0.7108463183805697, 0.11842735832232129]}