{"eval_train": [0.6676921138048172, 0.704275, 0.11561562852561474], "eval_test": [0.7014058298923319, 0.688848151561138, 0.12221871973031018]}