{"eval_train": [0.6500020865678787, 0.720325, 0.11252833724915981], "eval_test": [0.6950846078524777, 0.6978307363457392, 0.12152888621261934]}