{"eval_train": [0.6303243304014206, 0.733275, 0.10830963714718819], "eval_test": [0.6781014942044772, 0.7087076077175694, 0.11779517616622498]}