{"eval_train": [0.636515225148201, 0.7188, 0.10943123112916947], "eval_test": [0.6958644117742294, 0.6840207760610094, 0.12190690210952403]}