{"eval_train": [0.6620872007369996, 0.70785, 0.11451669034957886], "eval_test": [0.6951397602834215, 0.693003360852895, 0.12137176316428396]}