{"eval_train": [0.6264746973037719, 0.731975, 0.1070394887059927], "eval_test": [0.682666841388805, 0.6981362664440958, 0.11866697640437945]}