{"eval_train": [0.6540146677494049, 0.71545, 0.11304133008122444], "eval_test": [0.6883860794805148, 0.6941032691774768, 0.11984063057479893]}