{"eval_train": [0.6170435942173004, 0.742475, 0.10497338899374008], "eval_test": [0.6515393391611232, 0.729483654161786, 0.11143205969697141]}