{"eval_train": [0.5938487909555435, 0.7475, 0.09992037892639637], "eval_test": [0.6657366765590753, 0.7103574702290267, 0.1143304919043776]}