{"eval_train": [0.610897168302536, 0.7436, 0.1033243614912033], "eval_test": [0.6690483461706929, 0.709868622081126, 0.11530130243869575]}