{"eval_train": [0.5793298461318016, 0.7612, 0.0971682427123189], "eval_test": [0.6227008784979153, 0.7468988695568606, 0.10530366911605488]}