{"eval_train": [0.6450793956756592, 0.7231, 0.11053486552834511], "eval_test": [0.6771747954314978, 0.708096547531783, 0.11704597304328443]}