{"eval_train": [0.5991360251188278, 0.749575, 0.10060614650845527], "eval_test": [0.6540778512369045, 0.7183623587141844, 0.11184479868033229]}