{"eval_train": [1.0173653175830841, 0.5006, 0.21430117326974868], "eval_test": [1.0297829882289304, 0.49000916590830473, 0.21536142042096224]}