{"eval_train": [0.5649335798859596, 0.762425, 0.09394041647613048], "eval_test": [0.6333817628702548, 0.7302780323880111, 0.10717150322658149]}