{"eval_train": [0.5875870627403259, 0.76255, 0.09819667940735817], "eval_test": [0.6167163321194647, 0.7499541705040038, 0.10349407690109698]}