{"eval_train": [0.5866503868579864, 0.75905, 0.0970304378271103], "eval_test": [0.6165105916038406, 0.745676749174361, 0.10246720852889747]}