{"eval_train": [0.5556166454792023, 0.77065, 0.09147351705282926], "eval_test": [0.6226039138948958, 0.7377329667154306, 0.10461869619506745]}