{"eval_train": [0.5536852491497993, 0.77025, 0.09181311721801758], "eval_test": [0.6050757660910947, 0.7457378552005883, 0.10131316016272525]}