{"eval_train": [0.5311838722467422, 0.7858, 0.08654105531424285], "eval_test": [0.6096338147021491, 0.7510540788285855, 0.10171079613675847]}