{"eval_train": [0.5832074412941932, 0.75915, 0.09675386730134487], "eval_test": [0.6125333696886046, 0.7446990528712752, 0.10242405821797755]}