{"eval_train": [0.5259650530576706, 0.791975, 0.08565515058189631], "eval_test": [0.5620978736382102, 0.7793461656191646, 0.0920177626839261]}