{"eval_train": [0.6224207995653153, 0.705, 0.10430841576159], "eval_test": [0.6586838761783324, 0.6871982890332907, 0.11144680199530596]}