{"eval_train": [0.5152402572035789, 0.7925, 0.08342762098908424], "eval_test": [0.5923239290987429, 0.7572868927607579, 0.09791793051004191]}