{"eval_train": [0.5652145125031471, 0.762625, 0.09349011843502522], "eval_test": [0.5915479912730193, 0.7459822792563277, 0.09855155621123467]}