{"eval_train": [0.514127914249897, 0.7961, 0.08274873739182949], "eval_test": [0.5800561607266433, 0.7655362053180448, 0.09542870867736762]}