{"eval_train": [0.6178406948328018, 0.7477, 0.10363586310148239], "eval_test": [0.6373305071977312, 0.7384051329274444, 0.10731040142724683]}