{"eval_train": [0.5108904026150703, 0.792925, 0.08249252802431584], "eval_test": [0.5477415063422716, 0.7784906813339323, 0.08911255478421884]}