{"eval_train": [0.5135747238278389, 0.797975, 0.0821273215457797], "eval_test": [0.5671415817835919, 0.7738466238942745, 0.09270865574747715]}