{"eval_train": [0.5322141902446746, 0.795375, 0.08504878031909466], "eval_test": [0.5610594421725298, 0.7801405438654218, 0.09068319373836657]}