{"eval_train": [0.49307652562856674, 0.8137, 0.07816177645772696], "eval_test": [0.536355848072721, 0.7993889398123925, 0.08588567585290262]}