{"eval_train": [0.4842441645383835, 0.814175, 0.0765535285383463], "eval_test": [0.5493395285798692, 0.7860678276992376, 0.08870172140760739]}