{"eval_train": [0.5088271077275276, 0.803725, 0.08095595649182796], "eval_test": [0.5511465901597137, 0.7857622975881333, 0.08871988818491047]}