{"eval_train": [0.467112851113081, 0.8163, 0.07400243700444699], "eval_test": [0.5422114860162872, 0.7842346471273094, 0.08725220814433769]}