{"eval_train": [0.4802486339688301, 0.824625, 0.07464834417849779], "eval_test": [0.5120856416760837, 0.8132600061288129, 0.08034524240426029]}