{"eval_train": [0.47749387695789336, 0.819225, 0.0751442146077752], "eval_test": [0.5158248017404627, 0.8041552092990415, 0.08245259826514031]}