{"eval_train": [0.44402188427448275, 0.840475, 0.06849072937667369], "eval_test": [0.4812109576646902, 0.8316529178269734, 0.07467487368913663]}