{"eval_train": [1.004630938768387, 0.508225, 0.2103880874156952], "eval_test": [1.0269533771933892, 0.491170180264577, 0.21435715424205926]}