{"eval_train": [1.0266834161281586, 0.495, 0.21710193169116973], "eval_test": [1.0327077692377433, 0.48634280476809055, 0.21645357480043306]}