{"eval_train": [1.0136631439685821, 0.504175, 0.21271530324220658], "eval_test": [1.0234722306886435, 0.49807516040512084, 0.21321818781325186]}