{"eval_train": [0.4508469707250595, 0.836525, 0.06978549065440894], "eval_test": [0.49456091833668236, 0.8189428658868573, 0.07738006756351587]}