{"eval_train": [0.45196136399507525, 0.841275, 0.06958736058026552], "eval_test": [0.48064317799037, 0.8304919034634167, 0.07485162681244653]}