{"eval_train": [0.48061683539152145, 0.819, 0.07499423399716616], "eval_test": [0.5132212032610366, 0.8051940116247124, 0.08095489655690495]}