{"eval_train": [0.40307359153628347, 0.8513, 0.06138021635338664], "eval_test": [0.4748342154880492, 0.8285365108608872, 0.07309502491865762]}