{"eval_train": [0.41923517742156985, 0.8433, 0.06415480704605579], "eval_test": [0.4865914623671047, 0.819431714034758, 0.07586027634843132]}