{"eval_train": [0.4670432337641716, 0.82805, 0.07273131368905306], "eval_test": [0.49176277549777453, 0.8190650779211007, 0.0768120399066479]}