{"eval_train": [0.40627059696912765, 0.855575, 0.061224652633816004], "eval_test": [0.4642881520326954, 0.8369691414677183, 0.0711422110478921]}