{"eval_train": [0.3904305656552315, 0.864275, 0.05841273477673531], "eval_test": [0.4269541375578051, 0.8531622364912199, 0.06413895847726006]}