{"eval_train": [0.3720593776226044, 0.86755, 0.05524428321197629], "eval_test": [0.44062593434878966, 0.8468072105248041, 0.06641602405542414]}