{"eval_train": [0.4308165566086769, 0.8341, 0.06679561748802662], "eval_test": [0.4707004430714347, 0.8246257256449016, 0.07347150166173831]}