{"eval_train": [0.4077448976278305, 0.863675, 0.06029484246373176], "eval_test": [0.4352011716041658, 0.8592728383891487, 0.06464424779427515]}