{"eval_train": [0.4170843383073807, 0.859525, 0.06193123328462243], "eval_test": [0.43956489783705754, 0.8504124656424331, 0.0657798096979207]}