{"eval_train": [0.3420950355947018, 0.879325, 0.049994585772231225], "eval_test": [0.41887581873989016, 0.8586617781960778, 0.06210643231750372]}