{"eval_train": [0.3669055150508881, 0.875975, 0.053659890015423296], "eval_test": [0.4037533821842556, 0.8656278643592068, 0.05932579305315469]}