{"eval_train": [0.34318407750725743, 0.888075, 0.04935052752569318], "eval_test": [0.36617090600075214, 0.88365413994371, 0.052705466764584395]}