{"eval_train": [0.32763247832655906, 0.89015, 0.046994040539860726], "eval_test": [0.3850087642560412, 0.8724717384771655, 0.05635945242395687]}