{"eval_train": [0.392700679731369, 0.8663, 0.05820414745807648], "eval_test": [0.4222826182095603, 0.8560342193815346, 0.06331655967137226]}