{"eval_train": [0.3019891333580017, 0.903075, 0.04242409906163812], "eval_test": [0.3527557598353525, 0.8870149709855676, 0.050693920100824276]}