{"eval_train": [0.27496822439432145, 0.916125, 0.03780356003679335], "eval_test": [0.30377212601847287, 0.9134738771878286, 0.04130760014166426]}