{"eval_train": [0.3154228092432022, 0.90295, 0.044043795628473166], "eval_test": [0.34580476421338135, 0.89367552705034, 0.048784857267201436]}