{"eval_train": [0.24119108177423476, 0.9282, 0.03210172772463411], "eval_test": [0.2612347561760193, 0.9271005194120876, 0.03409139974207241]}