{"eval_train": [0.17888709480166434, 0.944425, 0.02330728776184842], "eval_test": [0.27229625674660624, 0.9200733272300159, 0.03524235693952413]}