{"eval_train": [0.21132963135242464, 0.9356, 0.02820165288820863], "eval_test": [0.2710627132513965, 0.9206843874194445, 0.03581893362202777]}