{"eval_train": [1.0122106592655182, 0.50505, 0.21236082636117934], "eval_test": [1.0210637123986117, 0.49679193400732063, 0.21278455656328005]}