{"eval_train": [1.0051557659626007, 0.510975, 0.21022283750772477], "eval_test": [1.0189392826224262, 0.49819737244300655, 0.21191352581781164]}