{"eval_train": [0.2347438078224659, 0.929475, 0.03143888790793717], "eval_test": [0.2665958617464177, 0.9213565536314582, 0.035832626776632605]}