{"eval_train": [0.11951039413660765, 0.970875, 0.013724312605243176], "eval_test": [0.14404146144450566, 0.9640696608615948, 0.016894049585955955]}