{"eval_train": [0.09094468896389007, 0.977775, 0.010203984763013431], "eval_test": [0.10169813149280589, 0.9758631225212102, 0.011107991167747926]}