{"eval_train": [0.08664747002497315, 0.976925, 0.009801423125225119], "eval_test": [0.1396260610349383, 0.9624197983537797, 0.016565737799333572]}