{"eval_train": [0.10488798159211873, 0.972125, 0.012421746262547094], "eval_test": [0.1398960275184551, 0.9611976779785646, 0.017126107618913824]}