{"eval_train": [0.0632801064491272, 0.987125, 0.006318945157073904], "eval_test": [0.08975954389389122, 0.9800794378246257, 0.009085925086589916]}