{"eval_train": [0.017573594882152974, 0.99675, 0.0014780818083076155], "eval_test": [0.04925291537555612, 0.9882065383440269, 0.005145071565377445]}