{"eval_train": [0.028309297955594958, 0.994375, 0.0025951315651618644], "eval_test": [0.052462737091976026, 0.9869233119462267, 0.005679277711133326]}