{"eval_train": [0.04943608787283301, 0.9926, 0.004268835654889699], "eval_test": [0.06532853080288117, 0.9883898564008555, 0.00617161244172472]}