{"eval_train": [0.054787871894985435, 0.99035, 0.005513362331938697], "eval_test": [0.08016027316856268, 0.9783684692978677, 0.009374354241926336]}