{"eval_train": [0.015096321302652359, 0.99815, 0.0009957377957893186], "eval_test": [0.03459326312596959, 0.9928505957836847, 0.0033713223443541866]}