{"eval_train": [0.9926463775634765, 0.51815, 0.20635264016389845], "eval_test": [1.0135546590951907, 0.5072410632665828, 0.21002207939828021]}