{"eval_train": [0.9927136770248413, 0.518775, 0.20658380864858628], "eval_test": [1.0154595227843208, 0.5030858539584359, 0.2105495460210792]}