{"eval_train": [1.0102708307266235, 0.508575, 0.21151303845643998], "eval_test": [1.0196051490660147, 0.5004582951438926, 0.21200652257441163]}