,acc_train,rps_train,acc_test,rps_test
0,0.24235,0.23590197099534335,0.251940116101436,0.2342234931938108
