,acc_train,rps_train,acc_test,rps_test
0,0.4634,0.2268173166039812,0.46080048884815156,0.22582804160793582
