,acc_train,rps_train,acc_test,rps_test
0,0.515225,0.2132008106284809,0.506141154903758,0.21334591075790538
