,acc_train,rps_train,acc_test,rps_test
0,0.5225,0.2082199258910785,0.5184845707302169,0.2081747308269142
