,acc_train,rps_train,acc_test,rps_test
0,0.5247,0.20520856197634094,0.5189734188817599,0.20491521377655367
