,acc_train,rps_train,acc_test,rps_test
0,0.521625,0.204261207661974,0.5183012526733883,0.20385635209086628
