,acc_train,rps_train,acc_test,rps_test
0,0.47155,0.22517331682852665,0.47118851206843876,0.22342885479163907
