,acc_train,rps_train,acc_test,rps_test
0,0.5317,0.20049327431961325,0.5301558203483043,0.20013005269687195
