,acc_train,rps_train,acc_test,rps_test
0,0.53835,0.19436610810309768,0.5332111212954476,0.1955127097467559
