,acc_train,rps_train,acc_test,rps_test
0,0.54095,0.1929840516676485,0.5369385884509624,0.19360031470831582
