,acc_train,rps_train,acc_test,rps_test
0,0.5466,0.19030243252533136,0.5421937060800489,0.19103554648345283
