,acc_train,rps_train,acc_test,rps_test
0,0.5543,0.18627533350873046,0.5525206232813932,0.18676745866148303
