,acc_train,rps_train,acc_test,rps_test
0,0.55615,0.18475688542759613,0.5538038496791934,0.1855119475669258
