,acc_train,rps_train,acc_test,rps_test
0,0.563925,0.18148866976485564,0.5605255117629087,0.1817677472560124
