,acc_train,rps_train,acc_test,rps_test
0,0.572525,0.1779771089992068,0.5666972196761381,0.17842107130906706
