,acc_train,rps_train,acc_test,rps_test
0,0.579575,0.17479751357656736,0.5762297586312252,0.17473087823265832
