,acc_train,rps_train,acc_test,rps_test
0,0.58195,0.1730377558854535,0.5792239535594256,0.17294327780140198
