,acc_train,rps_train,acc_test,rps_test
0,0.4819,0.22202082084570712,0.4836541399327834,0.2196430640018735
