,acc_train,rps_train,acc_test,rps_test
0,0.604375,0.16327700179975663,0.6073327222731439,0.16306535402689937
