,acc_train,rps_train,acc_test,rps_test
0,0.611875,0.16050128387696141,0.610937977390773,0.1610614453508868
