,acc_train,rps_train,acc_test,rps_test
0,0.624725,0.1558501466394278,0.6240146654445463,0.1561778233763099
