,acc_train,rps_train,acc_test,rps_test
0,0.67335,0.13856286324200512,0.6763825236785823,0.1379191738296341
