,acc_train,rps_train,acc_test,rps_test
0,0.6848,0.13443660643265506,0.6887259395050412,0.13253236846688252
