,acc_train,rps_train,acc_test,rps_test
0,0.6976,0.12975743914872775,0.7019248395967003,0.12836550404244082
