,acc_train,rps_train,acc_test,rps_test
0,0.731925,0.1180116514218273,0.7318056828597617,0.11851360340021463
