,acc_train,rps_train,acc_test,rps_test
0,0.751775,0.11079658516169086,0.7512985029025359,0.11041543699881619
