,acc_train,rps_train,acc_test,rps_test
0,0.759,0.10796837583973272,0.7582034830430797,0.10838100745088822
