,acc_train,rps_train,acc_test,rps_test
0,0.7815,0.09983458346520264,0.7794072716162542,0.10020045239542377
