,acc_train,rps_train,acc_test,rps_test
0,0.797475,0.0938387884039794,0.7954781545982279,0.09386973606497674
