,acc_train,rps_train,acc_test,rps_test
0,0.8224,0.08416509726931647,0.8185762297586312,0.08575269279341798
