,acc_train,rps_train,acc_test,rps_test
0,0.829725,0.08111813813408655,0.8277421326000611,0.08216271281286971
