,acc_train,rps_train,acc_test,rps_test
0,0.838625,0.07758457676821985,0.8366025053467766,0.0785958810371587
