,acc_train,rps_train,acc_test,rps_test
0,0.846775,0.07421313017954645,0.8471738466238925,0.0743198960350166
