,acc_train,rps_train,acc_test,rps_test
0,0.50325,0.21687612571863468,0.5023525817293003,0.2158143624718152
