,acc_train,rps_train,acc_test,rps_test
0,0.8546,0.07100056336225603,0.8559120073327223,0.07031622870662413
