,acc_train,rps_train,acc_test,rps_test
0,0.871275,0.0637117848294048,0.8733883287503819,0.06251274677611217
