,acc_train,rps_train,acc_test,rps_test
0,0.901225,0.0488068453874643,0.9038191261839291,0.047768122769337076
