,acc_train,rps_train,acc_test,rps_test
0,0.91245,0.04322196593682439,0.9149404216315307,0.04215061081582474
