,acc_train,rps_train,acc_test,rps_test
0,0.92425,0.03737837185170296,0.9264283531927895,0.0363788663634541
