,acc_train,rps_train,acc_test,rps_test
0,0.9351,0.03200502344498706,0.9393217231897342,0.029959395332419373
