,acc_train,rps_train,acc_test,rps_test
0,0.5094,0.21525609406435306,0.5078521234341583,0.21492285333494604
