,acc_train,rps_train,acc_test,rps_test
0,0.9592,0.02035175358243723,0.962664222425909,0.01851555917196624
