,acc_train,rps_train,acc_test,rps_test
0,0.984175,0.007974959288292501,0.9864955698136266,0.006724790634006379
