,acc_train,rps_train,acc_test,rps_test
0,0.55832,0.18581950316929044,0.5596683090974642,0.1836821649273116
