,acc_train,rps_train,acc_test,rps_test
0,0.55944,0.18506695297238854,0.560028842687177,0.18315619443364922
