,acc_train,rps_train,acc_test,rps_test
0,0.56672,0.1821993654527272,0.5677202259343829,0.17989470655472659
