,acc_train,rps_train,acc_test,rps_test
0,0.56952,0.18134235878176408,0.5700036053358971,0.17895346622122763
