,acc_train,rps_train,acc_test,rps_test
0,0.57676,0.178127602633352,0.5749308977286384,0.17701243869019206
