,acc_train,rps_train,acc_test,rps_test
0,0.54328,0.19289725981831776,0.5453671433721908,0.1922026777755343
