,acc_train,rps_train,acc_test,rps_test
0,0.57972,0.17590622026879726,0.5858670832832592,0.17302434946667186
