,acc_train,rps_train,acc_test,rps_test
0,0.58724,0.17202221441980295,0.5903136642230501,0.17124922704985954
