,acc_train,rps_train,acc_test,rps_test
0,0.58728,0.17185424001797142,0.5927172214878019,0.16945282349620977
