,acc_train,rps_train,acc_test,rps_test
0,0.5912,0.16933037766216447,0.5972839802908304,0.16724741432295037
