,acc_train,rps_train,acc_test,rps_test
0,0.5944,0.16828884885151768,0.5996875375555822,0.16635633258999927
