,acc_train,rps_train,acc_test,rps_test
0,0.60388,0.1629057688012806,0.6106237231102031,0.16112441234678437
