,acc_train,rps_train,acc_test,rps_test
0,0.6222,0.15607674567105487,0.6234827544766254,0.15551459496486345
