,acc_train,rps_train,acc_test,rps_test
0,0.62492,0.15324356674506343,0.6311741377238312,0.15131439882114717
