,acc_train,rps_train,acc_test,rps_test
0,0.54956,0.19019296309567024,0.5499339021752193,0.1904016601881953
