,acc_train,rps_train,acc_test,rps_test
0,0.63052,0.15138909137269624,0.6323759163562072,0.15041472670674744
