,acc_train,rps_train,acc_test,rps_test
0,0.6436,0.14517670771008745,0.6422305011416897,0.14668780026143605
