,acc_train,rps_train,acc_test,rps_test
0,0.64616,0.14454227394578523,0.643912991227016,0.14525434576958315
