,acc_train,rps_train,acc_test,rps_test
0,0.661,0.13786108100722558,0.6610984256699916,0.13970260315520158
