,acc_train,rps_train,acc_test,rps_test
0,0.66608,0.13488243972751682,0.668309097464247,0.13602148573023515
