,acc_train,rps_train,acc_test,rps_test
0,0.71004,0.11782999529204424,0.7126547289989184,0.11815964546285403
