,acc_train,rps_train,acc_test,rps_test
0,0.55192,0.18917732607577672,0.55089532508112,0.18806950192503738
