,acc_train,rps_train,acc_test,rps_test
0,0.715,0.11573404473399306,0.7138565076312943,0.11697287260088143
