,acc_train,rps_train,acc_test,rps_test
0,0.7326,0.10958086090819572,0.7295998077154188,0.11106160648024523
