,acc_train,rps_train,acc_test,rps_test
0,0.76632,0.09706375210492857,0.7606056964307175,0.09978198024249607
