,acc_train,rps_train,acc_test,rps_test
0,0.80192,0.08415489104781357,0.7894483836077395,0.08780072924871797
