,acc_train,rps_train,acc_test,rps_test
0,0.81732,0.07841910806354324,0.805191683691864,0.08102958785827759
