,acc_train,rps_train,acc_test,rps_test
0,0.84024,0.06926698109521064,0.8324720586467973,0.07086976389409948
