,acc_train,rps_train,acc_test,rps_test
0,0.55396,0.1881297277811277,0.5561831510635741,0.18624563159397836
