,acc_train,rps_train,acc_test,rps_test
0,0.8658,0.05921389493957193,0.8571085206105036,0.06184473533527985
