,acc_train,rps_train,acc_test,rps_test
0,0.87348,0.056217398316657397,0.8660016824900854,0.05833203063780667
