,acc_train,rps_train,acc_test,rps_test
0,0.9126,0.03953028587324257,0.9068621559908665,0.04237121706460093
