,acc_train,rps_train,acc_test,rps_test
0,0.9362,0.02958436431587599,0.9324600408604735,0.03167804498955975
