,acc_train,rps_train,acc_test,rps_test
0,0.55808,0.18667628606470596,0.5575051075591876,0.18491646236586914
