,acc_train,rps_train,acc_test,rps_test
0,0.95964,0.01923044420642932,0.9566157913712294,0.020675672697780825
