,acc_train,rps_train,acc_test,rps_test
0,0.97156,0.013727872977459922,0.9697151784641269,0.014720798348255746
