,acc_train,rps_train,acc_test,rps_test
0,0.99436,0.002782478043908514,0.994111284701358,0.0029850198179075475
