,acc_train,rps_train,acc_test,rps_test
0,0.9992,0.00039720759599786424,0.9986780435043865,0.0006622005276108381
