,acc_train,rps_train,acc_test,rps_test
0,0.456475,0.22852067403520954,0.455117629086465,0.22810344139538666
