,acc_train,rps_train,acc_test,rps_test
0,0.463275,0.22613247245039653,0.4565841735410938,0.22617853169780944
