,acc_train,rps_train,acc_test,rps_test
0,0.507225,0.21165332217605415,0.4927589367552704,0.2143664806685213
