,acc_train,rps_train,acc_test,rps_test
0,0.512075,0.21033323367374365,0.5005194011610143,0.21308704413633062
