,acc_train,rps_train,acc_test,rps_test
0,0.513925,0.20963842881944442,0.49874732661167126,0.21249253573004717
