,acc_train,rps_train,acc_test,rps_test
0,0.5188,0.2075673585069444,0.5113962725328445,0.20931365422480225
