,acc_train,rps_train,acc_test,rps_test
0,0.539275,0.19927168089697878,0.5151237396883593,0.2044668224646549
