,acc_train,rps_train,acc_test,rps_test
0,0.542675,0.1980276491283344,0.5200122212037885,0.2033190605023387
