,acc_train,rps_train,acc_test,rps_test
0,0.5447,0.19691490124190777,0.5272838374579896,0.20068856690562115
