,acc_train,rps_train,acc_test,rps_test
0,0.56035,0.19095533854166669,0.529361442102047,0.19949529186610993
