,acc_train,rps_train,acc_test,rps_test
0,0.4713,0.2234769289162255,0.46691109074243814,0.22308089901457895
