,acc_train,rps_train,acc_test,rps_test
0,0.559325,0.19080243402777775,0.5331500152765047,0.19751654105984992
