,acc_train,rps_train,acc_test,rps_test
0,0.56585,0.1878437,0.5356553620531622,0.19587364497402995
