,acc_train,rps_train,acc_test,rps_test
0,0.56655,0.18792305324715297,0.5427436602505347,0.19372647693332418
