,acc_train,rps_train,acc_test,rps_test
0,0.595375,0.17478147707612454,0.5646807210510235,0.18389259084234327
