,acc_train,rps_train,acc_test,rps_test
0,0.599775,0.17321415306122448,0.562664222425909,0.18318497041346324
