,acc_train,rps_train,acc_test,rps_test
0,0.607625,0.17065118408203125,0.568102658111824,0.18111430167277726
