,acc_train,rps_train,acc_test,rps_test
0,0.607075,0.17025945821854913,0.5677971280171097,0.1811084766505148
