,acc_train,rps_train,acc_test,rps_test
0,0.614375,0.1678346527777778,0.5721356553620531,0.17881983908748342
