,acc_train,rps_train,acc_test,rps_test
0,0.62365,0.1628843888888889,0.5780629391995111,0.17477085242896426
