,acc_train,rps_train,acc_test,rps_test
0,0.635475,0.15862211538461538,0.589489764741827,0.1710251257825819
