,acc_train,rps_train,acc_test,rps_test
0,0.63845,0.15683223593964335,0.5959670027497709,0.16809695823625734
