,acc_train,rps_train,acc_test,rps_test
0,0.650125,0.15061717458677684,0.6008554842652001,0.16426402597763318
