,acc_train,rps_train,acc_test,rps_test
0,0.655975,0.14891816893424034,0.6006110601894287,0.16354097601969805
