,acc_train,rps_train,acc_test,rps_test
0,0.6652,0.14527359375,0.6067827681026581,0.1600504888481515
