,acc_train,rps_train,acc_test,rps_test
0,0.6788,0.13824290123456792,0.6144821264894592,0.15506501001459755
