,acc_train,rps_train,acc_test,rps_test
0,0.4911,0.21793335815391202,0.4830430797433547,0.21802514744844387
