,acc_train,rps_train,acc_test,rps_test
0,0.68405,0.13633985457063713,0.6247479376718607,0.1514390805998546
