,acc_train,rps_train,acc_test,rps_test
0,0.69875,0.13014381487889273,0.6338527344943476,0.14674113566276245
