,acc_train,rps_train,acc_test,rps_test
0,0.693975,0.13148909375,0.6392911701802627,0.14530171096853042
