,acc_train,rps_train,acc_test,rps_test
0,0.70235,0.1283588296398892,0.6451573479987779,0.14186151615712542
