,acc_train,rps_train,acc_test,rps_test
0,0.7142,0.12322527777777777,0.6462572563397495,0.14023206708082972
