,acc_train,rps_train,acc_test,rps_test
0,0.718475,0.12044965397923875,0.6622059272838374,0.13416619357075876
