,acc_train,rps_train,acc_test,rps_test
0,0.723725,0.11927244809688582,0.6648945921173236,0.13285643151421347
