,acc_train,rps_train,acc_test,rps_test
0,0.734425,0.11269661989795918,0.6727161625420104,0.12915068868977472
