,acc_train,rps_train,acc_test,rps_test
0,0.750725,0.10682696280991735,0.6676443629697525,0.12779591599689924
