,acc_train,rps_train,acc_test,rps_test
0,0.7562,0.10387190082644629,0.6795600366636113,0.12389952352455476
