,acc_train,rps_train,acc_test,rps_test
0,0.754625,0.10408697916666665,0.6787656584173541,0.12295804053365923
