,acc_train,rps_train,acc_test,rps_test
0,0.49895,0.21548544996611926,0.4897036358081271,0.21612302391883656
