,acc_train,rps_train,acc_test,rps_test
0,0.762125,0.10110633680555554,0.6911090742438131,0.11968165461520182
