,acc_train,rps_train,acc_test,rps_test
0,0.74995,0.10756707063711912,0.7035135960892148,0.11865307777137378
