,acc_train,rps_train,acc_test,rps_test
0,0.770375,0.09752934027777777,0.6988084326306141,0.11558861221441423
